diffusion,growth,hostFloor,climateFloor,hostPower,climatePower,ap_2019,ap_2020,ap_2021,ap_2022,ap_2023,mean_average_precision,worst_year_average_precision
0.28,0.24,0.0,0.0,1.0,1.6,0.7347853211662548,0.6922403185533128,0.5993884573040089,0.5507029564837423,0.5555420598301866,0.6265318226675011,0.5507029564837423
0.28,0.24,0.0,0.15,1.0,1.6,0.734688162448772,0.6901562117159902,0.6001686381705383,0.5454125959146785,0.5563171483774977,0.6253485513254953,0.5454125959146785
0.28,0.24,0.0,0.0,0.6,1.6,0.7221275763625182,0.6958374158022897,0.5953424240368295,0.5574531691498263,0.5550321109936768,0.6251585392690282,0.5550321109936768
0.28,0.24,0.15,0.0,1.0,1.6,0.7274120540174802,0.6920939103947726,0.5961207833386231,0.553784420267668,0.5533551692626631,0.6245532674562414,0.5533551692626631
0.28,0.24,0.15,0.15,1.0,1.6,0.7280732138419004,0.6921322708797993,0.5970449399698069,0.5511120733051541,0.552308808464022,0.6241342612921366,0.5511120733051541
0.28,0.24,0.0,0.0,1.0,1.0,0.7375795260702634,0.686649397550585,0.6009658057339871,0.539699731114401,0.5553311720188995,0.6240451264976272,0.539699731114401
0.28,0.24,0.15,0.0,1.6,1.6,0.736098617358329,0.686399773842693,0.5990456906957742,0.5465529073922039,0.5518980155764246,0.6239990009730849,0.5465529073922039
0.28,0.24,0.35,0.15,1.6,1.6,0.7273731676103664,0.6915688791191898,0.5976752878176083,0.5518933986187824,0.5506780165986722,0.6238377499529237,0.5506780165986722
0.28,0.24,0.35,0.0,1.6,1.6,0.7258750240967179,0.690266690751227,0.5960272889929379,0.5538828408830879,0.5514218550559215,0.6234947399559785,0.5514218550559215
0.28,0.24,0.0,0.15,0.6,1.6,0.7224886612950873,0.6915628518575145,0.5967966437073273,0.5532011077316735,0.5533611912354228,0.6234820911654051,0.5532011077316735
0.28,0.24,0.0,0.0,0.6,1.0,0.7247214977674267,0.6914958181665406,0.5984117007278346,0.5465470963299682,0.5557219533740757,0.6233796132731693,0.5465470963299682
0.28,0.24,0.0,0.35,1.0,1.6,0.7375795260702634,0.6853738046043794,0.5988583124911051,0.5384592631631687,0.5563184982211405,0.6233178809100114,0.5384592631631687
0.28,0.24,0.35,0.0,1.0,1.6,0.7194871175268012,0.6918462211861577,0.5919252704077786,0.5595564351783435,0.5533860983834445,0.6232402285365052,0.5533860983834445
0.28,0.24,0.15,0.0,1.0,1.0,0.7287080776617827,0.6888191977659928,0.598560294793697,0.5467820078939357,0.5531516347439813,0.6232042425718779,0.5467820078939357
0.28,0.24,0.0,0.35,0.6,1.6,0.72405929440043,0.691072426199031,0.5992175197069118,0.5457201011651837,0.5555848156540605,0.6231308314251234,0.5457201011651837
0.28,0.24,0.15,0.35,1.0,1.6,0.7286344869244035,0.6878010535371706,0.5989711998978766,0.5456271889815348,0.5543303241459734,0.6230728506973918,0.5456271889815348
0.28,0.24,0.15,0.0,0.6,1.6,0.7163676780475612,0.6921360233513394,0.5908918391267758,0.5601314295405507,0.5550933675863761,0.6229240675305207,0.5550933675863761
0.28,0.24,0.15,0.15,1.6,1.6,0.737154281476334,0.6831629832591084,0.6002781192160397,0.5415848046150298,0.5510644197112967,0.6226489216555616,0.5415848046150298
0.28,0.24,0.0,0.15,1.0,1.0,0.7367752111865892,0.6861184138948612,0.5992937057052855,0.5352645101699783,0.5551817850601236,0.6225267252033676,0.5352645101699783
0.28,0.24,0.0,0.15,0.6,1.0,0.7240745665720247,0.6902109510118648,0.5987137946463257,0.5431960030436087,0.5548387287217686,0.6222068087991184,0.5431960030436087
0.28,0.24,0.15,0.15,1.0,1.0,0.7275048025004288,0.6870616522325248,0.5991413173370997,0.5423683791272498,0.5536433787247294,0.6219439059844065,0.5423683791272498
0.28,0.24,0.35,0.0,1.6,1.0,0.7278786067152807,0.6857532745304064,0.5979254326319173,0.5446880087658881,0.5518742611484565,0.6216239167583899,0.5446880087658881
0.28,0.24,0.15,0.15,0.6,1.6,0.7162236959663882,0.6911937811431582,0.5924760658862024,0.5548422384361542,0.5532974445884604,0.6216066452040727,0.5532974445884604
0.28,0.24,0.35,0.35,1.6,1.6,0.7278050159779015,0.6857221479233159,0.5979445763526883,0.5435219717223699,0.5521025059599849,0.6214192435872521,0.5435219717223699
0.28,0.24,0.35,0.15,1.0,1.6,0.7185166760625793,0.6915809610011688,0.5921627189139687,0.5527728299753493,0.551868157780658,0.6213802687467449,0.551868157780658
0.28,0.24,0.15,0.35,0.6,1.6,0.7176404665875066,0.6925779234813937,0.5924942824653225,0.549729581190784,0.553575894480972,0.6212036296411958,0.549729581190784
0.28,0.24,0.15,0.0,0.6,1.0,0.7175699044554418,0.6924950252203621,0.5914264142606711,0.5505780283927099,0.5529415994755852,0.621002194360954,0.5505780283927099
0.28,0.24,0.15,0.0,1.6,1.0,0.7391844319427342,0.6829915117104163,0.5980685251351417,0.5349814965052371,0.5496098842792697,0.6209671699145598,0.5349814965052371
0.28,0.24,0.35,0.0,1.0,1.0,0.7203113364173237,0.6907191875971261,0.5921758281213315,0.5491781046396023,0.5515461570489418,0.6207861227648651,0.5491781046396023
0.28,0.24,0.0,0.0,0.6,0.6,0.723446118105552,0.6886362154322817,0.5976485596170036,0.5393992732180835,0.5541868111361149,0.620663395501807,0.5393992732180835
0.28,0.24,0.15,0.35,1.6,1.6,0.7391844319427342,0.683278752059185,0.5983361374427668,0.5337098405716909,0.5487455734175758,0.6206509470867905,0.5337098405716909
0.28,0.24,0.0,0.35,0.6,1.0,0.7234519384885332,0.6887396371927994,0.5971336672487237,0.5396820830751926,0.5538329124431407,0.6205680476896779,0.5396820830751926
0.28,0.24,0.0,0.0,1.0,0.6,0.7380101059222254,0.6845473801750169,0.5973154892258562,0.5301993977940483,0.5523044310174419,0.6204753608269178,0.5301993977940483
0.28,0.24,0.35,0.35,1.0,1.6,0.7203113364173237,0.6898338143060441,0.5921588936487125,0.5476833234429621,0.5521555240045166,0.6204285783639117,0.5476833234429621
0.28,0.24,0.0,0.15,0.6,0.6,0.7247770548771064,0.6879357667988002,0.5970783895133696,0.5382162694533275,0.5533785909840416,0.620277214325329,0.5382162694533275
0.28,0.24,0.35,0.15,1.6,1.0,0.7265050765297753,0.6843358793175435,0.5965074339729243,0.5418591476394288,0.5518402566708553,0.6202095588261054,0.5418591476394288
0.28,0.24,0.0,0.35,1.0,1.0,0.7380101059222254,0.6843348547956063,0.5976635655162797,0.5291548534432261,0.551784548204978,0.6201895855764631,0.5291548534432261
0.28,0.24,0.35,0.15,1.0,1.0,0.7199277107919784,0.6891885133683997,0.5935873175363214,0.5451343110928946,0.5527376576251439,0.6201151020829476,0.5451343110928946
0.28,0.24,0.35,0.0,0.6,1.6,0.7099136682368948,0.6902070061946788,0.5869907461700533,0.5613695420675512,0.5520057053793173,0.6200973336096991,0.5520057053793173
0.28,0.24,0.15,0.0,1.0,0.6,0.7283693239199065,0.6851828148169168,0.5969088029259554,0.5376450984281546,0.5517324347379878,0.6199676949657842,0.5376450984281546
0.28,0.13,0.0,0.0,0.6,1.6,0.7121635099204742,0.697511216029735,0.5938033777022738,0.5425138341777735,0.5537581600138654,0.6199500195688243,0.5425138341777735
0.28,0.24,0.15,0.15,1.6,1.0,0.739070432854727,0.6825509674825253,0.5972878025920806,0.5307663131580497,0.5499164339344844,0.6199183900043733,0.5307663131580497
0.28,0.24,0.15,0.35,1.0,1.0,0.7283798164112174,0.6850649027577206,0.5970094652776152,0.5371054035371017,0.5519669547907157,0.6199053085548741,0.5371054035371017
0.28,0.24,0.15,0.15,0.6,1.0,0.716697180125031,0.692026621980796,0.5920489111057611,0.5458845607272667,0.5528333751968298,0.6198981298271369,0.5458845607272667
0.28,0.24,0.15,0.0,0.6,0.6,0.7175254298649054,0.6911820002627431,0.5937357529517863,0.5438956562447129,0.5522082880001941,0.6197094254648683,0.5438956562447129
0.28,0.24,0.0,0.0,1.6,1.6,0.7441275104175317,0.676557490059456,0.5951386525714689,0.538033882732428,0.5444077572031312,0.6196530585968031,0.538033882732428
0.28,0.24,0.15,0.35,0.6,1.0,0.7175882665648895,0.6903423596758214,0.5945008969848663,0.5437970538158055,0.5517458224638682,0.6195948799010502,0.5437970538158055
0.28,0.24,0.35,0.15,0.6,1.6,0.7083891721448067,0.69065055891991,0.5890858490856733,0.5585513364434671,0.550839378939793,0.6195032591067301,0.550839378939793
0.28,0.24,0.0,0.15,1.0,0.6,0.7352786237633875,0.6848110327741205,0.5972524587408435,0.5275015347553829,0.5510494729086661,0.61917862458848,0.5275015347553829
0.28,0.13,0.0,0.15,0.6,1.6,0.7118991097586224,0.6970629920025677,0.5935652950950367,0.5388281685066082,0.5543154732654236,0.6191342077256518,0.5388281685066082
0.28,0.13,0.0,0.0,1.0,1.0,0.7186604055430144,0.6905878778985411,0.5979144673709449,0.5334733086972704,0.5545628672315482,0.6190397853482638,0.5334733086972704
0.28,0.13,0.0,0.35,1.0,1.6,0.7186604055430144,0.6906905199243865,0.5976633817317683,0.5333457152156831,0.554619738330579,0.6189959521490862,0.5333457152156831
0.28,0.24,0.0,0.35,0.6,0.6,0.7239532867888222,0.6870802926459944,0.5951968469336326,0.5367523102288717,0.5519126173013175,0.6189790707797277,0.5367523102288717
0.28,0.13,0.0,0.15,1.0,1.6,0.7183431121643978,0.6890037349749841,0.5959806353589046,0.536846811109238,0.5546615041641045,0.6189671595543258,0.536846811109238
0.28,0.24,0.15,0.15,1.0,0.6,0.7270841723117777,0.685419730385827,0.5962895292819708,0.5348294831485212,0.5507522943056988,0.6188750418867592,0.5348294831485212
0.28,0.13,0.0,0.0,0.6,1.0,0.7134456478347588,0.6948849612482167,0.5929770957480847,0.5374825795680255,0.5554686946917071,0.6188517958181585,0.5374825795680255
0.28,0.13,0.0,0.35,0.6,1.6,0.7134456478347588,0.6949167780903784,0.5946709941234002,0.5364649726734533,0.5547139670815863,0.6188424719607155,0.5364649726734533
0.28,0.24,0.35,0.35,1.0,1.0,0.7192194568932867,0.6873833157393919,0.5943542975766191,0.5411652767617569,0.5518279744451817,0.6187900642832472,0.5411652767617569
0.28,0.24,0.35,0.35,1.6,1.0,0.7282909878034284,0.6839996811991307,0.5961961132618498,0.5348540684891194,0.5501075003541757,0.6186896702215409,0.5348540684891194
0.28,0.13,0.0,0.15,1.0,1.0,0.7196728815415785,0.6903572548677256,0.5972697913950855,0.5318134033416745,0.5541965367368314,0.618661973576579,0.5318134033416745
0.28,0.24,0.35,0.0,1.6,0.6,0.7282849061881513,0.6846732999769928,0.5953329083063529,0.5347896109046372,0.5501735410388052,0.6186508532829879,0.5347896109046372
0.28,0.13,0.0,0.0,1.0,1.6,0.7187335684442896,0.6890267677706845,0.5945036011621561,0.53781034530687,0.5530036492448812,0.6186155863857763,0.53781034530687
0.28,0.13,0.0,0.15,0.6,1.0,0.7134058279852504,0.6938476748895713,0.59523320573816,0.536039559124737,0.5545419662915712,0.618613646805858,0.536039559124737
0.28,0.24,0.35,0.0,1.0,0.6,0.7191533134943979,0.6867635778293611,0.5939179520221098,0.5416363897068708,0.5515265835597206,0.6185995633224921,0.5416363897068708
0.28,0.13,0.15,0.0,1.0,1.6,0.7128383503600048,0.6970139070299413,0.592831938505546,0.5396014159056413,0.5506157668140622,0.6185802757230391,0.5396014159056413
0.28,0.24,0.15,0.15,0.6,0.6,0.7169677434327705,0.689027665440605,0.5930334921356784,0.5422760583188827,0.5506599020826503,0.6183929722821173,0.5422760583188827
0.28,0.13,0.0,0.35,1.0,1.0,0.7196728815415785,0.6914439776744602,0.5970772278126102,0.5291259934276807,0.5539408281783396,0.6182521817269337,0.5291259934276807
0.28,0.24,0.0,0.35,1.0,0.6,0.7352492424185854,0.6862397748689311,0.5960772802532512,0.5230615075861497,0.5505395749115392,0.6182334760076913,0.5230615075861497
0.28,0.13,0.0,0.0,1.0,0.6,0.7196728815415785,0.6912111718656697,0.5968682629371382,0.5295017173794995,0.5538399240736867,0.6182187915595145,0.5295017173794995
0.28,0.24,0.15,0.0,1.6,0.6,0.7371961805174913,0.6832035346286719,0.5937650266158359,0.5266422438258893,0.5500300629716984,0.6181674097119174,0.5266422438258893
0.28,0.13,0.15,0.0,0.6,1.6,0.7033642265923827,0.6960922735196967,0.5929670204906979,0.5449254917103472,0.5534878036283767,0.6181673631883002,0.5449254917103472
0.28,0.13,0.35,0.0,1.0,1.6,0.7058668576939238,0.6949766921748132,0.5934825024664363,0.5438404147785495,0.5516589760319949,0.6179650886291436,0.5438404147785495
0.28,0.24,0.35,0.15,1.0,0.6,0.7190770193440009,0.6870113051921355,0.5935504475393799,0.5399303248727777,0.5502561663672972,0.6179650526631183,0.5399303248727777
0.28,0.13,0.0,0.0,0.6,0.6,0.7131758093626575,0.6936244674482116,0.5955676949239702,0.5327563217348271,0.5546586478079565,0.6179565882555246,0.5327563217348271
0.28,0.13,0.15,0.35,1.0,1.6,0.7133293475590299,0.6938294324023628,0.5958848078404394,0.5337180565352188,0.5529495119569441,0.617942231258799,0.5337180565352188
0.28,0.13,0.15,0.15,1.0,1.6,0.7131625375711071,0.6956498094472562,0.592789789733575,0.5363103492077541,0.5517202263525626,0.6179265424624509,0.5363103492077541
0.28,0.13,0.0,0.35,0.6,1.0,0.7131758093626575,0.6936777585973931,0.5956641726301793,0.5323744132926285,0.554561532652116,0.6178907373069948,0.5323744132926285
0.28,0.24,0.15,0.35,1.6,1.0,0.737179599962738,0.6832035346286719,0.5927270736162615,0.5260913110015374,0.5501139099654061,0.617863085834923,0.5260913110015374
0.28,0.24,0.35,0.15,0.6,1.0,0.7057806392718441,0.6911049785046203,0.5894175510060978,0.5506872667723367,0.5522085307274479,0.6178397932564693,0.5506872667723367
0.28,0.24,0.35,0.15,1.6,0.6,0.7283898356218419,0.6828481967952664,0.5950778351748336,0.5333204048363314,0.5495566958250613,0.617838593650667,0.5333204048363314
0.28,0.24,0.15,0.35,1.0,0.6,0.7271773279523613,0.6844761136910532,0.5964799616826855,0.5315053469524325,0.5494949913272668,0.6178267483211599,0.5315053469524325
0.28,0.13,0.15,0.0,1.0,1.0,0.7133293475590299,0.6937474374567039,0.5951636630216312,0.5340564775406378,0.5526467423627137,0.6177887335881433,0.5340564775406378
0.28,0.24,0.0,0.15,1.6,1.6,0.7424489123016081,0.6768220627739931,0.5957612156635275,0.5309240529878442,0.5428091605349971,0.6177530808523939,0.5309240529878442
0.28,0.24,0.35,0.35,0.6,1.6,0.706194872282395,0.6910228375125863,0.5888306829961438,0.5515824410862223,0.5509417125374237,0.6177145092829542,0.5509417125374237
0.28,0.24,0.0,0.0,1.6,1.0,0.7443006525117122,0.676665132617517,0.5951049372036811,0.5305323933070297,0.5411872541096875,0.6175580739499255,0.5305323933070297
0.28,0.13,0.35,0.0,1.6,1.6,0.7143023234840892,0.6927615961830015,0.592189546118729,0.5390795331031016,0.5492848321903946,0.6175235662158631,0.5390795331031016
0.28,0.13,0.35,0.0,1.6,1.0,0.7138166641198691,0.6930168708754147,0.5944614954379265,0.5336915897369074,0.5523858718602284,0.6174744984060693,0.5336915897369074
0.28,0.13,0.35,0.35,1.6,1.6,0.7139437519920551,0.6931157001815983,0.5943618596852425,0.5335362892357516,0.5523266496199595,0.6174568501429214,0.5335362892357516
0.28,0.13,0.15,0.15,1.0,1.0,0.713309748127419,0.6940025068214808,0.5945058816136871,0.5333724709858418,0.5520446715646822,0.6174470558226222,0.5333724709858418
0.28,0.13,0.15,0.0,1.6,1.6,0.7218808327843798,0.6829824148856358,0.595362577801416,0.5365271738437142,0.550344835943186,0.6174195670516663,0.5365271738437142
0.28,0.24,0.35,0.0,0.6,1.0,0.706194872282395,0.6907086979304595,0.5873285239885199,0.5523192673253464,0.5505143219146194,0.617413136688268,0.5505143219146194
0.28,0.13,0.15,0.15,1.6,1.6,0.7218072420470005,0.6830621706189779,0.596435182454682,0.5345862965269076,0.5511429627545144,0.6174067708804165,0.5345862965269076
0.28,0.13,0.0,0.15,1.6,1.6,0.7314231277332467,0.6781264069301518,0.5962909934312354,0.5315504708289078,0.5495704739343736,0.6173922945715831,0.5315504708289078
0.28,0.13,0.35,0.15,1.6,1.6,0.7133893950401199,0.6938024674780499,0.5926158141564783,0.5356026763556532,0.5513973299124239,0.6173615365885451,0.5356026763556532
0.28,0.13,0.0,0.15,1.0,0.6,0.7182667764179623,0.6903835932640471,0.5962345825997961,0.5277007269411793,0.5537956545756331,0.6172762667597235,0.5277007269411793
0.28,0.13,0.0,0.15,0.6,0.6,0.7131545569706816,0.6939790453868977,0.593147545907011,0.5320693963525296,0.5540160680787641,0.6172733225391768,0.5320693963525296
0.28,0.13,0.35,0.15,1.0,1.6,0.7049424917094312,0.6934804467692557,0.5939605367197457,0.5413047831186535,0.552241600947678,0.6171859718529527,0.5413047831186535
0.28,0.13,0.15,0.15,0.6,1.6,0.6996766873076941,0.6957573640276314,0.5932093376655835,0.542297889191981,0.5543348471099395,0.6170552250605659,0.542297889191981
0.28,0.24,0.15,0.15,1.6,0.6,0.7375682332173081,0.6822332244833238,0.5931270806398505,0.5223992773107472,0.5496920884627746,0.617003980822801,0.5223992773107472
0.28,0.24,0.0,0.35,1.6,1.6,0.7443006525117122,0.676705836581869,0.5942377864016188,0.529053816409406,0.5406397617642111,0.6169875707337635,0.529053816409406
0.28,0.13,0.35,0.15,1.6,1.0,0.713531455164245,0.6919317136055425,0.5950806642707537,0.532678227564679,0.5516588334973779,0.6169761788205197,0.532678227564679
0.28,0.13,0.0,0.35,0.6,0.6,0.7130852066748835,0.6947048011383798,0.5925482169893419,0.5307498356703266,0.5536466880407999,0.6169469497027464,0.5307498356703266
0.28,0.13,0.0,0.0,1.6,1.6,0.7299749077686536,0.6781695008751194,0.5933758142786124,0.5346376821912894,0.5485724099905096,0.6169460630208369,0.5346376821912894
0.28,0.13,0.15,0.15,1.0,0.6,0.7143305658650483,0.6913693108960087,0.5950174278004562,0.5303397173466914,0.5530875964483485,0.6168289236713107,0.5303397173466914
0.28,0.13,0.15,0.0,1.6,1.0,0.7233512577071832,0.6836702318991493,0.5957465204549264,0.5300398809850693,0.5513059512881546,0.6168227684668965,0.5300398809850693
0.19,0.24,0.0,0.0,1.0,1.6,0.7252095870232123,0.6715320895613296,0.5891678697259917,0.5452424168272655,0.5528486138678828,0.6168001154011363,0.5452424168272655
0.28,0.13,0.15,0.0,1.0,0.6,0.7131723284735454,0.6919211641861508,0.5943628768386311,0.5311440888677306,0.5531140095259242,0.6167428935783963,0.5311440888677306
0.28,0.13,0.15,0.35,1.6,1.6,0.7233512577071832,0.6829738508388237,0.5954121777750904,0.5296714509635199,0.551901957640155,0.6166621389849545,0.5296714509635199
0.28,0.13,0.15,0.35,1.0,1.0,0.7131723284735454,0.6919478852468662,0.5944361154107083,0.5310240805123461,0.5525357356034019,0.6166232290493736,0.5310240805123461
0.28,0.24,0.15,0.35,0.6,0.6,0.7159705065227585,0.6888298114495699,0.5917473454631175,0.5372550975950725,0.5492824915357265,0.616617050513249,0.5372550975950725
0.28,0.24,0.0,0.15,1.6,1.0,0.7442931669214734,0.6786340269016844,0.593549401327484,0.5263068140830407,0.540143012895275,0.6165852844257915,0.5263068140830407
0.28,0.13,0.0,0.35,1.0,0.6,0.7182667764179623,0.6889061163294387,0.5962779015334302,0.5257241911516941,0.5536160245078915,0.6165582019880833,0.5257241911516941
0.19,0.24,0.0,0.15,0.6,1.6,0.7173693292796636,0.6752266504592765,0.5870122612350799,0.54806160303976,0.5550162186025303,0.616537212523262,0.54806160303976
0.28,0.24,0.35,0.35,1.0,0.6,0.7184343266214254,0.6863946479502783,0.5911065195460418,0.5373221016046618,0.5491733787210679,0.6164861948886949,0.5373221016046618
0.28,0.13,0.0,0.0,1.6,1.0,0.7326032570748531,0.6767635343903948,0.5951203597389505,0.5279596535108037,0.549251495820974,0.6163396601071953,0.5279596535108037
0.19,0.24,0.0,0.0,0.6,1.6,0.7174755770323302,0.6751909097086525,0.5836158152524659,0.5497626726183928,0.555258336603531,0.6162606622430745,0.5497626726183928
0.28,0.24,0.35,0.0,0.6,0.6,0.7059995183322264,0.690886612713671,0.5879005020300881,0.5461013513367547,0.5503877103612902,0.6162551389548062,0.5461013513367547
0.28,0.24,0.35,0.35,0.6,1.0,0.7058692130455548,0.6907357072810755,0.5882243565047125,0.5456115673478638,0.5506632970083281,0.6162208282375069,0.5456115673478638
0.28,0.13,0.15,0.35,0.6,1.6,0.6990469226032997,0.6942962418996163,0.5944563691683963,0.5384182389710722,0.5547575212379213,0.6161950587760612,0.5384182389710722
0.28,0.13,0.0,0.35,1.6,1.6,0.7324865756553632,0.6768299718650935,0.5952416116002849,0.5268103617728918,0.5493215552620828,0.6161380152311433,0.5268103617728918
0.28,0.13,0.0,0.15,1.6,1.0,0.7323481698060057,0.675997762428294,0.5960871969339832,0.5258497859281633,0.5503789094096531,0.6161323649012199,0.5258497859281633
0.28,0.13,0.35,0.0,1.0,1.0,0.7024062440365542,0.693399576267689,0.5921748802669928,0.5391866124533543,0.5531574568769853,0.6160649539803151,0.5391866124533543
0.28,0.24,0.35,0.35,1.6,0.6,0.7283261100416435,0.681221362122619,0.5945626379385996,0.5287649881740187,0.5474060535872364,0.6160562303728235,0.5287649881740187
0.28,0.13,0.15,0.35,1.0,0.6,0.7139762930943262,0.6917464819193095,0.5947967665117487,0.5273789334184127,0.5523574668617072,0.616051188361101,0.5273789334184127
0.28,0.13,0.35,0.35,1.0,1.6,0.7022592396590905,0.692971627076107,0.5932127556405212,0.5387112667391727,0.552940203757431,0.6160190185744645,0.5387112667391727
0.28,0.13,0.15,0.0,0.6,1.0,0.6990469226032997,0.6941753792386052,0.5927320091104616,0.5391870055147937,0.5548127965469253,0.6159908226028171,0.5391870055147937
0.28,0.13,0.35,0.35,1.6,1.0,0.7111421626551879,0.6922393177681454,0.5931113447868854,0.5320906231264919,0.5512662590981138,0.6159699414869648,0.5320906231264919
0.28,0.13,0.15,0.15,1.6,1.0,0.721356453650337,0.6828617644489635,0.5958613762220385,0.5284656368552901,0.5505633959857789,0.6158217254324816,0.5284656368552901
0.28,0.13,0.35,0.0,1.6,0.6,0.7111318308735004,0.6913141092824578,0.5931910365252832,0.5322557863142738,0.5512107644618769,0.6158207054914785,0.5322557863142738
0.28,0.13,0.35,0.15,1.6,0.6,0.7121574654809439,0.6913815585834925,0.5940426629120718,0.5301340627744621,0.551029506295033,0.6157490512092008,0.5301340627744621
0.28,0.13,0.35,0.15,1.0,1.0,0.7025025240801799,0.6931519681969412,0.5942309177930215,0.5364984872295634,0.5523437958935454,0.6157455386386503,0.5364984872295634
0.28,0.13,0.0,0.0,1.6,0.6,0.7336594472934486,0.6758025245863725,0.5961677483219966,0.523230540812987,0.5494425554742486,0.6156605632978106,0.523230540812987
0.28,0.13,0.15,0.15,0.6,1.0,0.6990233061227222,0.6935195538876492,0.5936404304190194,0.53756431767169,0.5543197620010661,0.6156134740204294,0.53756431767169
0.28,0.24,0.35,0.15,0.6,0.6,0.7064039858517851,0.6896592468287304,0.5883239940008984,0.5442444795698542,0.5492196207926349,0.6155702654087806,0.5442444795698542
0.28,0.13,0.0,0.35,1.6,1.0,0.7336594472934486,0.6758025245863725,0.5959147118847495,0.5231590095730226,0.549192781766951,0.6155456950209087,0.5231590095730226
0.19,0.24,0.15,0.0,0.6,1.6,0.7084491786867896,0.6763056680515703,0.5813834960984681,0.5582826600110916,0.5529503150368219,0.6154742635769483,0.5529503150368219
0.28,0.24,0.15,0.35,1.6,0.6,0.736811133332629,0.680795769773113,0.5924276088942554,0.5193743693212162,0.5475960439173363,0.61540098504771,0.5193743693212162
0.28,0.13,0.35,0.35,1.6,0.6,0.7121574654809439,0.6906235985970317,0.5947249076409754,0.5286815892331299,0.5496870065807566,0.6151749135065675,0.5286815892331299
0.19,0.24,0.35,0.0,1.0,1.6,0.7122976438107494,0.6747737670576671,0.5805246448218897,0.556873736669434,0.5513855652042218,0.6151710715127925,0.5513855652042218
0.19,0.24,0.0,0.35,0.6,1.6,0.7190614557228074,0.6735691607717168,0.5856969165286591,0.5420686156829199,0.5552148014021137,0.6151221900216435,0.5420686156829199
0.19,0.24,0.0,0.0,0.6,1.0,0.7190614557228074,0.673481585614848,0.5858316612181091,0.5414183911115849,0.5550315819065987,0.6149649351147897,0.5414183911115849
0.28,0.13,0.0,0.15,1.6,0.6,0.7338132839700738,0.6762530765629927,0.595696501437496,0.5198280642851708,0.548818387800794,0.6148818628113054,0.5198280642851708
0.19,0.24,0.15,0.0,1.0,1.6,0.7197867581685439,0.6718660659226129,0.5834033303151263,0.5467896471087127,0.5515015245380958,0.6146694652106183,0.5467896471087127
0.28,0.13,0.35,0.0,0.6,1.6,0.6965279319187617,0.6913803298927755,0.589494915808805,0.5452234272281063,0.5506399666262666,0.614653314294943,0.5452234272281063
0.28,0.13,0.15,0.15,1.6,0.6,0.7207349228337627,0.6808987180932715,0.5953011993035834,0.5257771382085284,0.5503158333152464,0.6146055623508785,0.5257771382085284
0.28,0.13,0.15,0.35,1.6,1.0,0.7208860614184684,0.6806198601138932,0.594471312150525,0.5263557426634363,0.5506253604735962,0.6145916673639839,0.5263557426634363
0.28,0.13,0.15,0.0,1.6,0.6,0.7207415825742992,0.6806198601138932,0.5943788055563138,0.5263635917820655,0.5505607112834312,0.6145329102620006,0.5263635917820655
0.19,0.24,0.35,0.15,1.0,1.6,0.7126750473455499,0.6747641772224202,0.583385829598088,0.5511211747971044,0.5506977968119804,0.6145288051550286,0.5506977968119804
0.28,0.13,0.15,0.35,1.6,0.6,0.7220818634093064,0.6810087584393744,0.5958964055294964,0.523349538199007,0.5502103255307643,0.6145093782215898,0.523349538199007
0.28,0.13,0.35,0.0,1.0,0.6,0.7025098330637569,0.6910816361953455,0.5929961038376603,0.5345134849424684,0.5512743005674261,0.6144750717213314,0.5345134849424684
0.28,0.13,0.35,0.35,1.0,1.0,0.7025223866188428,0.6910816361953455,0.5930668414027299,0.534402214166008,0.5512688678115569,0.6144683892388967,0.534402214166008
0.19,0.24,0.15,0.15,0.6,1.6,0.7079158272470215,0.6749124375707873,0.5837298862712502,0.5524910601478028,0.5529000462749293,0.6143898515023583,0.5524910601478028
0.28,0.13,0.35,0.15,1.0,0.6,0.7024795054045734,0.6920917493658345,0.592901172367068,0.5336641517576667,0.5505808806717893,0.6143434919133864,0.5336641517576667
0.19,0.24,0.0,0.15,1.0,1.6,0.7237502999626405,0.6693845725003298,0.5893258767364222,0.53878275667069,0.5504013224157738,0.6143289656571712,0.53878275667069
0.28,0.13,0.15,0.35,0.6,1.0,0.7000953980602477,0.6910257751284183,0.5932346090636351,0.5336493551433954,0.5536252791389346,0.6143260833069262,0.5336493551433954
0.28,0.13,0.15,0.0,0.6,0.6,0.700040257893945,0.6909998060489356,0.5931198849930778,0.5339108888032305,0.553503946735423,0.6143149568949224,0.5339108888032305
0.28,0.13,0.15,0.15,0.6,0.6,0.7000348116268165,0.6919116893761771,0.5933238469632885,0.5327112462095449,0.5530937238792202,0.6142150636110095,0.5327112462095449
0.28,0.13,0.0,0.35,1.6,0.6,0.7333828679012073,0.6762931901935493,0.594422803043555,0.5177253334267262,0.5492027893989222,0.614205396792792,0.5177253334267262
0.19,0.24,0.0,0.15,0.6,1.0,0.7198208701792856,0.6718076608253644,0.5863229768899936,0.5393761216350104,0.5536580623251935,0.6141971383709695,0.5393761216350104
0.28,0.13,0.35,0.15,0.6,1.6,0.6967537239162341,0.6908298358127233,0.5902564983129988,0.5417773962269119,0.5507696188022105,0.6140774146142157,0.5417773962269119
0.28,0.13,0.35,0.35,1.0,0.6,0.7029893688474732,0.6930102486362194,0.5930299320280511,0.5299030453623337,0.5502498192525642,0.6138364828253284,0.5299030453623337
0.28,0.24,0.0,0.0,1.6,0.6,0.7439743328371534,0.6781220570421161,0.5899475795209264,0.5190483693513741,0.5379907525279989,0.6138166182559137,0.5190483693513741
0.19,0.24,0.15,0.35,1.0,1.6,0.7226662424599525,0.6703326672186743,0.5852781066851614,0.5401528587223925,0.5496344622022212,0.6136128674576804,0.5401528587223925
0.28,0.24,0.0,0.35,1.6,1.0,0.7446301286542395,0.6776328667898346,0.589758085873074,0.5185546648734104,0.5372841286132091,0.6135719749607536,0.5185546648734104
0.19,0.24,0.15,0.0,1.0,1.0,0.7226564296176181,0.6701036339212537,0.584009252892287,0.54091541597711,0.5501101338431806,0.61355897325029,0.54091541597711
0.19,0.24,0.15,0.0,0.6,1.0,0.711116076910603,0.6742295812507831,0.5861339118125082,0.5445347147566028,0.551736174033603,0.61355009175282,0.5445347147566028
0.28,0.24,0.35,0.35,0.6,0.6,0.7050259341909604,0.687801837069338,0.5852314405179401,0.5405243284315318,0.5486566754703246,0.613448043136019,0.5405243284315318
0.28,0.13,0.35,0.0,0.6,1.0,0.6967564099506105,0.6908304219341965,0.5879905323469581,0.5392980707582654,0.5523313836292872,0.6134413637238636,0.5392980707582654
0.28,0.13,0.35,0.35,0.6,1.6,0.6967564099506105,0.6908702414905425,0.5884003560528587,0.5387358187882311,0.5522653804440437,0.6134056413452573,0.5387358187882311
0.28,0.06,0.0,0.0,1.0,1.6,0.7049743389912955,0.6836529430915451,0.5953944237847636,0.5282476759435472,0.5541235070370977,0.6132785777696499,0.5282476759435472
0.19,0.24,0.15,0.0,1.6,1.6,0.7267948914816599,0.6685671331378507,0.5841715637670711,0.5421340816829738,0.544411746087287,0.6132158832313686,0.5421340816829738
0.19,0.24,0.35,0.0,1.6,1.6,0.719217757156533,0.6690257019001677,0.5838799715977986,0.5456106387926859,0.548329141503551,0.6132126421901473,0.5456106387926859
0.28,0.13,0.35,0.15,0.6,1.0,0.6952051314694155,0.6913060444572199,0.5902504715070623,0.5374655772634716,0.5515546900933465,0.6131563829581032,0.5374655772634716
0.28,0.13,0.15,0.35,0.6,0.6,0.6998642087604486,0.691763285935645,0.5921412467683558,0.5300366083434042,0.5518014138726444,0.6131213527360996,0.5300366083434042
0.19,0.24,0.15,0.15,1.0,1.6,0.7190425623199532,0.6691526298326218,0.5846700286623918,0.5421947152978307,0.5500115574341786,0.6130142987093953,0.5421947152978307
0.19,0.24,0.15,0.35,0.6,1.6,0.711116076910603,0.6743180753407012,0.5854774292822122,0.5423462056367436,0.5514781809548873,0.6129471936250295,0.5423462056367436
0.28,0.06,0.0,0.0,0.6,1.6,0.6978798794048284,0.6884139597947776,0.5940344243145638,0.52932495403862,0.5543652082996025,0.6128036851704785,0.52932495403862
0.28,0.06,0.0,0.15,0.6,1.0,0.6981232267315925,0.6885246641836706,0.5941717118614877,0.5275601304012832,0.5551240426880831,0.6127007551732235,0.5275601304012832
0.28,0.06,0.0,0.0,1.0,1.0,0.703489266732687,0.6835074070923789,0.5952843867389291,0.5269717155715459,0.5541372850590119,0.6126780122389105,0.5269717155715459
0.28,0.06,0.0,0.15,1.0,1.6,0.7031777281255874,0.6832714177443703,0.5951818631473939,0.5273989686780907,0.5540737779504938,0.6126207511291872,0.5273989686780907
0.19,0.24,0.0,0.0,0.6,0.6,0.7195038957678771,0.6709815196694497,0.5852883777143654,0.5329900032650219,0.5541600414462987,0.6125847675726026,0.5329900032650219
0.28,0.06,0.0,0.0,1.0,0.6,0.7041503626578625,0.6833670853888852,0.5963051132450646,0.5248607704349151,0.5538104354017958,0.6124987534257047,0.5248607704349151
0.19,0.24,0.35,0.35,1.0,1.6,0.7145085065087926,0.6720676427091087,0.5847389043573744,0.541295183357261,0.5498652035569689,0.6124950880979012,0.541295183357261
0.28,0.06,0.0,0.35,0.6,1.6,0.6968366944168594,0.688503300093416,0.5928839894772295,0.528920815720273,0.5552408383500808,0.6124771276115718,0.528920815720273
0.28,0.06,0.0,0.35,1.0,1.6,0.703489266732687,0.6829316841552538,0.5958058618309131,0.5259438347350563,0.5541950339221721,0.6124731362752165,0.5259438347350563
0.28,0.24,0.0,0.15,1.6,0.6,0.7436769141650929,0.6771907099236684,0.5892117410775756,0.5159803271126989,0.5362646678912313,0.6124648720340534,0.5159803271126989
0.19,0.24,0.35,0.0,0.6,1.6,0.6944904464383319,0.6750193992049477,0.5770670027197389,0.5598753410542977,0.5557958499986744,0.6124496078831981,0.5557958499986744
0.28,0.06,0.0,0.15,0.6,1.6,0.6984509186597198,0.688859191596585,0.5910678405308236,0.5285189564263644,0.5553493288111092,0.6124492472049204,0.5285189564263644
0.28,0.06,0.15,0.0,0.6,1.6,0.6971445170598518,0.690914720425729,0.5915536238991203,0.5290307267053945,0.5532743113343838,0.6123835798848958,0.5290307267053945
0.28,0.06,0.15,0.15,0.6,1.6,0.6971045836554816,0.6916681540407779,0.5907419875590387,0.528493575305401,0.5537928120730545,0.6123602225267508,0.528493575305401
0.28,0.06,0.0,0.35,1.0,1.0,0.7042165060567512,0.6833670853888852,0.5957194467281489,0.5246761955285617,0.553659816865761,0.6123278101136216,0.5246761955285617
0.19,0.24,0.35,0.0,1.0,1.0,0.7129090809626089,0.6718650631833802,0.5839930300288158,0.5426767524712577,0.5500159633565728,0.6122919780005271,0.5426767524712577
0.28,0.06,0.0,0.0,0.6,1.0,0.6968366944168594,0.6884869029724052,0.5929036089643027,0.5280314669435878,0.5550987734777916,0.6122714893549894,0.5280314669435878
0.28,0.06,0.0,0.15,1.0,1.0,0.703878443128224,0.6822525804958575,0.5958528494266264,0.525585109204149,0.5537473814992063,0.6122632727508127,0.525585109204149
0.19,0.24,0.0,0.35,1.0,1.6,0.7257376383110721,0.6664450226428018,0.5865560566552016,0.534254375335491,0.5480794604372925,0.6122145106763718,0.534254375335491
0.19,0.24,0.0,0.35,0.6,1.0,0.7191486812182892,0.6704957374129387,0.5849345217388542,0.5325794050599595,0.5536457129400022,0.6121608116740087,0.5325794050599595
0.19,0.24,0.15,0.15,1.0,1.0,0.7217957186593501,0.6694417257601293,0.5851055220614371,0.5339399411761293,0.5504057197168439,0.612137725474778,0.5339399411761293
0.28,0.06,0.35,0.0,1.0,1.6,0.6963982773034916,0.6884583750347799,0.5926398689217646,0.5298484350437109,0.5531289121002148,0.6120947736807925,0.5298484350437109
0.28,0.06,0.0,0.15,1.0,0.6,0.7041333882045346,0.681755711892422,0.5957484271261974,0.5244287002443956,0.5540614967973939,0.6120255448529888,0.5244287002443956
0.19,0.24,0.15,0.15,0.6,1.0,0.710103236040019,0.6737073046170342,0.5857808015437626,0.5402259441029229,0.550203102360053,0.6120040777327584,0.5402259441029229
0.28,0.06,0.15,0.35,1.0,1.6,0.6974893796305566,0.6852449632527886,0.59430732475747,0.5267486855253192,0.5561226508099036,0.6119826007952075,0.5267486855253192
0.28,0.06,0.0,0.0,0.6,0.6,0.6979952611775958,0.6880606668546216,0.5938150695035918,0.5246519947224305,0.5553607012884982,0.6119767387093475,0.5246519947224305
0.28,0.13,0.35,0.0,0.6,0.6,0.6950447886579008,0.6910504774845898,0.5885704445223384,0.5341705545898142,0.5509536698949379,0.6119579870299162,0.5341705545898142
0.28,0.13,0.35,0.35,0.6,1.0,0.6949076708737242,0.6910665925085419,0.5888146977787554,0.5339402734589876,0.5510436308853244,0.6119545731010667,0.5339402734589876
0.19,0.24,0.0,0.0,1.0,1.0,0.7257376383110721,0.6668489973582171,0.5870834447864931,0.5320510164776773,0.5480091652370946,0.6119460524341109,0.5320510164776773
0.28,0.06,0.35,0.0,1.6,1.6,0.7026503628697268,0.6821395259824187,0.5931605419054706,0.5284582218257703,0.5531092161927922,0.6119035737552357,0.5284582218257703
0.28,0.06,0.0,0.35,0.6,1.0,0.6979952611775958,0.688114444701168,0.5936190686151023,0.5244310077361077,0.5553352161061826,0.6118989996672313,0.5244310077361077
0.28,0.06,0.15,0.0,1.0,1.0,0.6974893796305566,0.6851949012461628,0.5948580418159544,0.5261628346252782,0.5557737438994201,0.6118957802434745,0.5261628346252782
0.28,0.06,0.0,0.35,1.0,0.6,0.7041191999641144,0.6819499094831322,0.5953132485488071,0.5237395124791517,0.5543494029841516,0.6118942546918714,0.5237395124791517
0.28,0.06,0.15,0.35,0.6,1.6,0.696506826172604,0.6902623270142009,0.5924924294034095,0.5263738440891349,0.5536715712794661,0.611861399591763,0.5263738440891349
0.28,0.06,0.15,0.0,0.6,1.0,0.696506826172604,0.6901631568355322,0.5922400141207947,0.5265443921432273,0.55373266988008,0.6118374118304476,0.5265443921432273
0.19,0.24,0.35,0.15,0.6,1.6,0.6934340556807561,0.6745486663365367,0.5798824627081306,0.5560333926278495,0.55507685669257,0.6117950868091685,0.55507685669257
0.28,0.06,0.0,0.15,1.6,1.0,0.7097896263945476,0.6812924389413278,0.5942829744791377,0.5226101256669079,0.5509269947446438,0.6117804320453128,0.5226101256669079
0.28,0.06,0.0,0.0,1.6,0.6,0.7104261192802783,0.6813983249203326,0.594590508381347,0.5217717111912743,0.5506909582310943,0.6117755244008654,0.5217717111912743
0.28,0.06,0.15,0.0,1.0,1.6,0.6967880715447747,0.6837796076976679,0.5941562390762019,0.5285718675722335,0.5555070628677948,0.6117605697517347,0.5285718675722335
0.28,0.06,0.35,0.15,1.6,1.6,0.7022851455557385,0.681564865409784,0.5931243952326959,0.5274277831187999,0.5542468969568602,0.6117298172547757,0.5274277831187999
0.19,0.24,0.35,0.0,1.6,1.0,0.7213515176244294,0.6667295828228402,0.582935600040377,0.5392603384896486,0.5481800814916349,0.6116914240937861,0.5392603384896486
0.28,0.06,0.0,0.0,1.6,1.0,0.7093677847067352,0.6810985245061193,0.5942427622410348,0.5239098762393916,0.5497921502077482,0.6116822195802057,0.5239098762393916
0.28,0.06,0.0,0.35,1.6,1.0,0.7104494576094728,0.6814218314152685,0.5943103193219795,0.5217463408982669,0.5503646732595101,0.6116585245008995,0.5217463408982669
0.28,0.06,0.0,0.35,1.6,1.6,0.7093677847067352,0.6811189752843252,0.5944012171188267,0.5233428132507497,0.5498673590267231,0.6116196298774719,0.5233428132507497
0.28,0.13,0.35,0.15,0.6,0.6,0.6949773367480396,0.6913630298206599,0.5891553243853845,0.5320516908027633,0.5505354481379274,0.611616565978955,0.5320516908027633
0.28,0.06,0.35,0.15,1.6,1.0,0.7009464627335799,0.6820792408277108,0.5944492048176448,0.5258902973499645,0.55465788731041,0.611604618607862,0.5258902973499645
0.28,0.06,0.15,0.35,1.0,1.0,0.6974047586394633,0.6848406333199456,0.5941807940622048,0.5258825273669557,0.5556941148131437,0.6116005656403426,0.5258825273669557
0.19,0.24,0.0,0.15,0.6,0.6,0.7196376963834339,0.6711432271924231,0.584647848048439,0.5287548512901494,0.5535565695040416,0.6115480384836974,0.5287548512901494
0.28,0.06,0.15,0.15,0.6,1.0,0.6964891012383525,0.6905495925192322,0.591926868803425,0.5252456404784136,0.5535119334233216,0.611544627292549,0.5252456404784136
0.28,0.06,0.35,0.15,1.0,1.6,0.6960849956740401,0.6883277156542661,0.5903616588991228,0.5290266194120362,0.553914691476088,0.6115431362231106,0.5290266194120362
0.28,0.06,0.0,0.15,0.6,0.6,0.6979423095631104,0.6885875096941649,0.5922443804386347,0.5237248226575688,0.5551592830480764,0.611531661080311,0.5237248226575688
0.28,0.06,0.35,0.35,1.6,1.6,0.7010092372986398,0.6815361469354329,0.5941773184529263,0.5261795055288849,0.5546810396448874,0.6115166495721542,0.5261795055288849
0.28,0.06,0.15,0.15,1.0,1.6,0.6965104994970261,0.6843934451948323,0.5939083270942909,0.5266824206507528,0.5560831797571542,0.6115155744388112,0.5266824206507528
0.28,0.06,0.35,0.0,1.6,1.0,0.700952311302435,0.6814860849288071,0.5943917263937065,0.5256016302017726,0.5550714175106473,0.6115006340674737,0.5256016302017726
0.19,0.24,0.35,0.15,1.0,1.0,0.7127148006750235,0.670922660746121,0.5853278676094636,0.5388278499339897,0.5496523244342125,0.611489100679762,0.5388278499339897
0.28,0.06,0.35,0.0,1.0,1.0,0.6958561654960302,0.6885059942884709,0.5918281827917988,0.5279817063511044,0.5531367803568235,0.6114617658568455,0.5279817063511044
0.28,0.06,0.15,0.0,1.0,0.6,0.6974047586394633,0.684793963693971,0.5942011835084468,0.5251967307642925,0.5557010398870573,0.611459535298646,0.5251967307642925
0.28,0.06,0.35,0.0,1.6,0.6,0.7007263057436995,0.6830236193739474,0.5936655283619983,0.5251199902163411,0.5547578400620331,0.6114586567516038,0.5251199902163411
0.28,0.06,0.35,0.35,1.6,1.0,0.7007263057436995,0.6830693333971251,0.5938955988838143,0.5250333935601885,0.5545251808042814,0.6114499624778217,0.5250333935601885
0.19,0.24,0.0,0.15,1.0,1.0,0.7268420326379728,0.6658044126537395,0.5859540098565172,0.5310015284123757,0.5475309368167236,0.6114265840754658,0.5310015284123757
0.28,0.06,0.0,0.15,1.6,1.6,0.7094029356896426,0.6811920066396651,0.5944814512948937,0.5236633925699485,0.5483795460627767,0.6114238664513854,0.5236633925699485
0.28,0.06,0.35,0.35,1.0,1.6,0.6958561654960302,0.6885696314894388,0.5924637701778954,0.5270617824490601,0.5531197984713319,0.6114142296167513,0.5270617824490601
0.28,0.06,0.15,0.15,1.6,1.0,0.7052262672737581,0.6793349789490607,0.594431186022861,0.5251237683118728,0.5529066981701234,0.6114045797455352,0.5251237683118728
0.28,0.06,0.35,0.15,1.6,0.6,0.7007007119395058,0.6834049763727902,0.5932086378415132,0.5246423723741501,0.5550109480909754,0.6113935293237869,0.5246423723741501
0.28,0.06,0.15,0.15,1.0,1.0,0.6974759436637737,0.6846341671846672,0.5931190235457996,0.5263985386303793,0.5552575148181806,0.6113770375685601,0.5263985386303793
0.19,0.24,0.35,0.15,1.6,1.6,0.7188304584698584,0.6667939484451306,0.5832338561036212,0.5400783984824448,0.5479441929851062,0.6113761708972323,0.5400783984824448
0.28,0.06,0.15,0.0,1.6,1.0,0.7052262672737581,0.679246545396041,0.5939399344058547,0.5258321281375703,0.5525101591880831,0.6113510068802614,0.5258321281375703
0.28,0.06,0.15,0.35,1.6,1.6,0.7052262672737581,0.6792651422169633,0.5940940502234688,0.5254792523204626,0.552453823824903,0.6113037071719113,0.5254792523204626
0.28,0.06,0.15,0.35,0.6,1.0,0.6964589781936676,0.6921317365340625,0.590109319501618,0.524573571016128,0.5531719533447494,0.6112891117180451,0.524573571016128
0.19,0.24,0.35,0.35,1.6,1.6,0.7216774458680673,0.6662730927335517,0.582730415666494,0.5379205821507137,0.547639508912471,0.6112482090662594,0.5379205821507137
0.28,0.06,0.15,0.0,1.6,0.6,0.7052048584285795,0.6794775475066338,0.5942735169950065,0.5244608614663316,0.5527981201218832,0.6112429809036869,0.5244608614663316
0.28,0.06,0.0,0.15,1.6,0.6,0.7098594673842935,0.6812156767269766,0.5934651619823506,0.5213014980558702,0.550248334939656,0.6112180278178293,0.5213014980558702
0.28,0.06,0.0,0.35,0.6,0.6,0.6977506462669875,0.6886258690989131,0.5916931829138078,0.5228478781258765,0.5548664633824507,0.6111568079576071,0.5228478781258765
0.28,0.06,0.15,0.35,1.6,1.0,0.7052048584285795,0.6792662779947073,0.5943346272316907,0.5244862674308356,0.5524231867761928,0.6111430435724012,0.5244862674308356
0.28,0.06,0.15,0.0,0.6,0.6,0.6964589781936676,0.6919554395384739,0.5899345482489046,0.524297510722546,0.553056462496393,0.6111405878399971,0.524297510722546
0.28,0.06,0.35,0.15,1.0,1.0,0.695832826969193,0.6874218590492805,0.5920338008646757,0.5276514741560429,0.5526466365445282,0.6111173195167441,0.5276514741560429
0.28,0.06,0.15,0.15,1.6,1.6,0.7052394166041285,0.6796678800331176,0.5930663064795525,0.5260745059577937,0.5514598254711046,0.6111015869091394,0.5260745059577937
0.28,0.24,0.0,0.35,1.6,0.6,0.7436769141650929,0.6766056267620789,0.5875845623145564,0.5128866006715549,0.5345836079870164,0.6110674623800599,0.5128866006715549
0.28,0.06,0.0,0.0,1.6,1.6,0.7086856764639067,0.6807591544841691,0.5926431427134087,0.5252305317576551,0.5473596766347139,0.6109356364107706,0.5252305317576551
0.28,0.06,0.15,0.15,1.0,0.6,0.6979585594419973,0.6854730571025327,0.5933197624750681,0.5227832459451383,0.5550458493565312,0.6109160948642536,0.5227832459451383
0.28,0.06,0.15,0.15,1.6,0.6,0.7052048584285795,0.679817549231664,0.5938138609632179,0.5227489558489589,0.5528561064995746,0.6108882661943991,0.5227489558489589
0.28,0.06,0.35,0.35,1.0,0.6,0.6974475284397689,0.6916138004999913,0.5900210083437488,0.5227269988462867,0.552495427748695,0.6108609527756982,0.5227269988462867
0.28,0.06,0.15,0.0,1.6,1.6,0.705284802117463,0.6796964488753316,0.5916044562396353,0.5272290129606416,0.5503081512901529,0.6108245742966449,0.5272290129606416
0.28,0.06,0.0,0.35,1.6,0.6,0.7102075897352998,0.6799058191748638,0.5931755090824123,0.5205997923670457,0.5501276322244035,0.610803268516805,0.5205997923670457
0.28,0.06,0.15,0.15,0.6,0.6,0.6962917682649042,0.6903143105874543,0.5906456241677975,0.5235628626488351,0.553024366209244,0.610767786375647,0.5235628626488351
0.19,0.24,0.15,0.15,1.6,1.6,0.7260291241828527,0.665638906671517,0.58423152926314,0.5357083703565259,0.5422003646023379,0.6107616590152747,0.5357083703565259
0.28,0.06,0.35,0.0,0.6,1.6,0.6952610220481381,0.6894197737742759,0.5882348573402069,0.5299149464829869,0.5509191115581702,0.6107499422407556,0.5299149464829869
0.28,0.06,0.35,0.35,1.0,1.0,0.6964223349014074,0.6876551741946968,0.5919360360162915,0.5243995360209631,0.5528185867014934,0.6106463335669704,0.5243995360209631
0.28,0.06,0.35,0.0,1.0,0.6,0.6964101458595919,0.6876286098499507,0.5922846135811539,0.5243071445175407,0.5525736013613258,0.6106408230339125,0.5243071445175407
0.28,0.06,0.15,0.35,0.6,0.6,0.6963679763481216,0.6910895345787335,0.5893841980688457,0.5230037365975074,0.5532050499013456,0.6106100990989107,0.5230037365975074
0.28,0.06,0.35,0.15,0.6,1.6,0.695232907993888,0.6888053122161064,0.5885886684757116,0.5288092585643649,0.551298554902994,0.610546940430613,0.5288092585643649
0.28,0.06,0.15,0.35,1.0,0.6,0.6973663108476175,0.685874676607409,0.5919786419935374,0.5222410582360849,0.5552212192514338,0.6105363813872166,0.5222410582360849
0.28,0.06,0.35,0.35,1.6,0.6,0.7004226182507503,0.6834917078605962,0.5921311243919467,0.5215289842780166,0.5549549135747507,0.610505869671212,0.5215289842780166
0.19,0.24,0.15,0.0,1.0,0.6,0.7224805676790079,0.6684244390972826,0.5824292848292958,0.5286022223506052,0.5504520628986863,0.6104777153709755,0.5286022223506052
0.28,0.13,0.35,0.35,0.6,0.6,0.6949494331972976,0.6897825565208515,0.5877200548074205,0.5300196319520977,0.5497326731488101,0.6104408699252954,0.5300196319520977
0.19,0.24,0.15,0.35,1.0,1.0,0.7216994266442891,0.6684141102406685,0.5825240261241366,0.5285551949291646,0.5504345461486657,0.6103254608173849,0.5285551949291646
0.19,0.13,0.0,0.0,0.6,1.6,0.6989952714473219,0.6734618300409134,0.5864511422826107,0.5368066062686665,0.555790457037922,0.610301061415487,0.5368066062686665
0.28,0.06,0.15,0.35,1.6,0.6,0.7050677553945948,0.6790966820305435,0.5926421428128662,0.5221159081915108,0.5524573252570952,0.6102759627373221,0.5221159081915108
0.19,0.24,0.35,0.0,1.0,0.6,0.7122137173064623,0.6707356646875745,0.5856356024669881,0.5339524306828952,0.5488334344687117,0.6102741699225265,0.5339524306828952
0.28,0.06,0.35,0.15,1.0,0.6,0.6964101458595919,0.6878786508748265,0.5909563379089718,0.5233552355608554,0.5523734110601687,0.6101947562528829,0.5233552355608554
0.19,0.24,0.35,0.35,1.0,1.0,0.7127451079307322,0.6707515048321699,0.5850707876834308,0.5336144659288147,0.5486259694297292,0.6101615671609755,0.5336144659288147
0.28,0.06,0.35,0.0,0.6,1.0,0.695051780048275,0.6907810596386182,0.5886319832005116,0.5253818974729069,0.5508975717894055,0.6101488584299435,0.5253818974729069
0.19,0.24,0.0,0.0,1.6,1.6,0.734053956923461,0.658683238493794,0.5812631470892247,0.5354893579017225,0.5411761158535496,0.6101331632523503,0.5354893579017225
0.28,0.06,0.35,0.15,0.6,1.0,0.6949580996724781,0.6908906594309621,0.5888301150154294,0.5251761805530937,0.5507717730414854,0.6101253655426897,0.5251761805530937
0.19,0.24,0.35,0.0,0.6,1.0,0.6947547699787752,0.672826678649534,0.5826598414467917,0.54675410460075,0.5532781978939199,0.6100547185139542,0.54675410460075
0.28,0.06,0.35,0.35,0.6,1.6,0.6950429511663535,0.6903062304541674,0.589125857112138,0.5249904686453828,0.5507094518293683,0.6100349918414819,0.5249904686453828
0.19,0.24,0.35,0.35,0.6,1.6,0.695153802190244,0.6728767886036271,0.5827345404015606,0.5459175713293909,0.5531611297743597,0.6099687664598366,0.5459175713293909
0.19,0.24,0.35,0.15,1.6,1.0,0.7221787977650117,0.6659723635797359,0.581439299686251,0.5327035410186608,0.5474697360094359,0.6099527476118191,0.5327035410186608
0.19,0.24,0.0,0.35,0.6,0.6,0.7201028199536142,0.6704770043388644,0.582751144491995,0.5243826054713142,0.5517952688009075,0.609901768611339,0.5243826054713142
0.19,0.24,0.0,0.0,1.0,0.6,0.7277950571278449,0.6663127867942105,0.5836296023475709,0.5245524578169457,0.5470101155741486,0.6098600039321441,0.5245524578169457
0.28,0.06,0.35,0.35,0.6,1.0,0.6949235758028671,0.6910154912088223,0.5880285831357582,0.5244038456779394,0.5508196588082065,0.6098382309267187,0.5244038456779394
0.19,0.24,0.0,0.35,1.0,1.0,0.7270049770897459,0.6663372247218742,0.5840410790988472,0.5243615164357018,0.547064423142772,0.6097618440977882,0.5243615164357018
0.28,0.06,0.35,0.15,0.6,0.6,0.694918278912142,0.690137097148734,0.5878521440183248,0.5246861025601969,0.5509284027892639,0.6097044050857323,0.5246861025601969
0.19,0.13,0.0,0.0,1.0,1.6,0.7095415455637372,0.6688299498577233,0.5870172562521809,0.5336505886080827,0.5493422810201858,0.6096763242603819,0.5336505886080827
0.19,0.13,0.15,0.0,1.0,1.6,0.703074059746101,0.6711785173876454,0.5870846238476043,0.5357768334414701,0.5509871629074381,0.6096202394660517,0.5357768334414701
0.28,0.06,0.35,0.0,0.6,0.6,0.694918278912142,0.6900239515843052,0.5878444913255247,0.5243715440371833,0.5508579080514532,0.6096032347821218,0.5243715440371833
0.19,0.24,0.15,0.35,0.6,1.0,0.7065619904184006,0.6729585085964013,0.5835366884057038,0.5345167006534159,0.5504322814486138,0.6096012339045072,0.5345167006534159
0.19,0.24,0.15,0.15,0.6,0.6,0.7080673815438544,0.6721754603916271,0.5838401085751012,0.5334545815521384,0.5503818210864685,0.6095838706298379,0.5334545815521384
0.19,0.24,0.15,0.0,0.6,0.6,0.7066859785863869,0.6729524064664878,0.5836481558548073,0.5348261591282105,0.5497823525639599,0.6095790105199705,0.5348261591282105
0.28,0.06,0.35,0.35,0.6,0.6,0.694489101935837,0.6903187416073783,0.5879525749937868,0.5234748182050892,0.5515238348570434,0.609551814319827,0.5234748182050892
0.19,0.24,0.15,0.15,1.0,0.6,0.7235599620466636,0.6673579232997274,0.5808474375564568,0.5264466695337487,0.5493979007598612,0.6095219786392916,0.5264466695337487
0.19,0.24,0.0,0.15,1.0,0.6,0.7278702204153555,0.6649452132568395,0.583726403442798,0.5231689647258364,0.5463883439384145,0.6092198291558488,0.5231689647258364
0.19,0.13,0.0,0.15,0.6,1.6,0.69839963389641,0.6730135862362654,0.5877203145625943,0.530576522921236,0.5556265924043806,0.6090673300041773,0.530576522921236
0.13,0.24,0.0,0.0,1.0,1.6,0.7156059075609184,0.6579073976963118,0.5781993881454943,0.5403536181770472,0.552744453430248,0.608962153002004,0.5403536181770472
0.19,0.13,0.0,0.15,1.0,1.6,0.7098454502165359,0.668687584244028,0.5860316833276136,0.5295328830771796,0.5504477856264944,0.6089090772983703,0.5295328830771796
0.19,0.24,0.35,0.15,0.6,1.0,0.6935720578373143,0.6727706128260094,0.5829739390429386,0.5430611155569264,0.5509993928397713,0.608675423620592,0.5430611155569264
0.19,0.24,0.35,0.0,1.6,0.6,0.7215880174511667,0.6647830921497355,0.5816994547810472,0.5270369960792369,0.5482174380508577,0.6086649997024087,0.5270369960792369
0.19,0.24,0.35,0.35,1.6,1.0,0.7215977066680667,0.6647829701282261,0.5815441480266753,0.5262676000200066,0.5479109942910947,0.6084206838268139,0.5262676000200066
0.19,0.24,0.35,0.15,1.0,0.6,0.7092741647081081,0.6705923359557818,0.5834027148438424,0.5306605729627659,0.5476569322852695,0.6083173441511536,0.5306605729627659
0.19,0.13,0.0,0.0,1.0,1.0,0.7105615072029225,0.6683257822108533,0.5874079148238041,0.5253756832213715,0.5493979236500764,0.6082137622218056,0.5253756832213715
0.19,0.13,0.15,0.0,0.6,1.6,0.695031962537783,0.6696479067543603,0.5835987504295874,0.5383598784056021,0.5543420228283088,0.6081961041911284,0.5383598784056021
0.19,0.24,0.0,0.15,1.6,1.6,0.7350698031857892,0.6576988693188854,0.5805633773493425,0.528291749440177,0.5390457578280702,0.6081339114244528,0.528291749440177
0.19,0.24,0.15,0.35,0.6,0.6,0.7070962806575702,0.6719488483622174,0.5834516314800154,0.5290500577806201,0.5489779913202651,0.6081049619201376,0.5290500577806201
0.19,0.24,0.15,0.35,1.6,1.6,0.7265713505738423,0.664109804468656,0.584362561665435,0.5256640129999891,0.5392855039943266,0.6079986467404498,0.5256640129999891
0.19,0.13,0.35,0.0,1.0,1.6,0.6953811532547538,0.6692918624923391,0.5841246928054198,0.5376371082538817,0.5535339905747819,0.6079937614762352,0.5376371082538817
0.19,0.13,0.35,0.0,1.6,1.6,0.7022508218402537,0.670096633874439,0.5841270407344757,0.5342041758170235,0.5492129184906159,0.6079783181513616,0.5342041758170235
0.19,0.24,0.15,0.0,1.6,1.0,0.7266030096202105,0.6647698203304137,0.5815147253144598,0.5277261310742537,0.5392643198690354,0.6079756012416746,0.5277261310742537
0.13,0.24,0.0,0.0,0.6,1.6,0.7039752990689296,0.6617207251210311,0.5732107086629402,0.5462714239287976,0.5542998057621269,0.607895592508765,0.5462714239287976
0.19,0.24,0.0,0.35,1.0,0.6,0.7291945492312605,0.6647989436519265,0.5820166258462351,0.5175430064375184,0.5453459152136594,0.6077798080761199,0.5175430064375184
0.19,0.24,0.35,0.0,0.6,0.6,0.6950856607755331,0.6703338600523651,0.5850066042238877,0.5375151999468109,0.5507439567790846,0.6077370563555363,0.5375151999468109
0.19,0.13,0.15,0.15,1.0,1.6,0.7023558977589666,0.6698466194724538,0.5854075914550518,0.531790085789575,0.5492774046707745,0.6077355198293644,0.531790085789575
0.19,0.24,0.35,0.35,1.0,0.6,0.7095819207531527,0.6710516075704469,0.5831240741467371,0.5269104516911121,0.5478945594247029,0.6077125227172303,0.5269104516911121
0.19,0.13,0.0,0.35,1.0,1.6,0.7105615072029225,0.6677421204436051,0.5868790064134161,0.5240686710431265,0.5487979668919052,0.6076098543989951,0.5240686710431265
0.19,0.24,0.35,0.35,0.6,1.0,0.6950856607755331,0.6705220091240618,0.5841596186484409,0.5371286423204358,0.5509112223487284,0.60756143064344,0.5371286423204358
0.13,0.24,0.15,0.0,1.0,1.6,0.7060578733873115,0.6589077351303229,0.5752930822336302,0.5446085036781348,0.5527960155624794,0.6075326419983756,0.5446085036781348
0.19,0.13,0.0,0.35,0.6,1.6,0.6971773720964662,0.6721093731280458,0.5876613565607605,0.5270422213664628,0.5536460791481554,0.6075272804599783,0.5270422213664628
0.19,0.13,0.0,0.0,0.6,1.0,0.6971773720964662,0.6724197144839075,0.5867136995441512,0.5271702446504534,0.5534322484694046,0.6073826558488766,0.5271702446504534
0.19,0.24,0.15,0.35,1.0,0.6,0.7235182051395617,0.6661161854141774,0.5804450410370078,0.5207150586587046,0.5457413916963572,0.6073071763891618,0.5207150586587046
0.19,0.13,0.15,0.0,1.6,1.6,0.7101167981107576,0.6634869418325484,0.5854877459228196,0.5307815244145192,0.5465555204486828,0.6072857061458655,0.5307815244145192
0.13,0.24,0.0,0.15,0.6,1.6,0.7051988867087123,0.6616424190544038,0.5755897416805902,0.5404141266981944,0.5534407470250063,0.6072571842333814,0.5404141266981944
0.13,0.24,0.15,0.0,0.6,1.6,0.6982244264939734,0.6643441182695349,0.5706834197403375,0.5484971207204397,0.5545133559415446,0.607252488233166,0.5484971207204397
0.19,0.24,0.35,0.15,1.6,0.6,0.7230268283509906,0.6631379633833129,0.5783223536554702,0.5249459377710076,0.5467010861439231,0.6072268338609409,0.5249459377710076
0.19,0.24,0.15,0.15,1.6,1.0,0.726664323899417,0.6641047295670964,0.5840138102646393,0.5227858865824233,0.5384429167389033,0.6072023334104959,0.5227858865824233
0.19,0.24,0.15,0.0,1.6,0.6,0.7293852294656898,0.6631511736364899,0.582446447316852,0.5213608325431559,0.5396507016868948,0.6071988769298164,0.5213608325431559
0.19,0.13,0.15,0.0,1.0,1.0,0.7028834876187722,0.6689430175655987,0.5856514679956287,0.5278520974855822,0.5504944594224224,0.6071649060176008,0.5278520974855822
0.19,0.24,0.35,0.15,0.6,0.6,0.695061856199262,0.6706341390362255,0.5827307241996844,0.5352164755499841,0.5520284753527076,0.6071343340675727,0.5352164755499841
0.19,0.13,0.35,0.15,1.6,1.6,0.7024829259302927,0.6690317737803317,0.5833428587656679,0.5312373267642782,0.5491321583239444,0.607045408712903,0.5312373267642782
0.19,0.13,0.0,0.35,0.6,1.0,0.6974714949369063,0.6695857560970968,0.5880689481901599,0.5247686979328483,0.5547227951055825,0.6069235384525188,0.5247686979328483
0.19,0.13,0.0,0.15,0.6,0.6,0.6963945260036484,0.6688718735991993,0.5895218202421856,0.5238052945869291,0.5554514112960082,0.6068089851455942,0.5238052945869291
0.19,0.13,0.0,0.15,1.0,1.0,0.7077508755193611,0.6676020296785143,0.5870708329543658,0.5226029531732206,0.5488852752687997,0.6067823933188523,0.5226029531732206
0.19,0.13,0.15,0.15,1.0,1.0,0.7018673549317936,0.6689274669535664,0.5861473611237905,0.5257243860743411,0.5511496815897086,0.60676325013464,0.5257243860743411
0.19,0.13,0.15,0.35,1.0,1.6,0.7028834876187722,0.6690061119814108,0.5856059950746159,0.5262959565760071,0.5500091152832699,0.6067601333068151,0.5262959565760071
0.19,0.13,0.15,0.15,0.6,1.6,0.6920437200287386,0.6701328073422884,0.5841846219849132,0.5339132747515809,0.5534450986553979,0.6067439045525839,0.5339132747515809
0.19,0.13,0.35,0.15,1.0,1.6,0.6947889571116178,0.6687210628194424,0.5865434443203742,0.532235919851846,0.5513350031514683,0.6067248774509497,0.532235919851846
0.19,0.13,0.0,0.15,0.6,1.0,0.6967280146248737,0.6693684844019203,0.5877592396707209,0.5256008421743065,0.5541172913914997,0.6067147744526642,0.5256008421743065
0.19,0.13,0.0,0.0,0.6,0.6,0.6965216138758343,0.6695849112170698,0.5875914827010045,0.5246895398279895,0.5545395523577649,0.6065854199959326,0.5246895398279895
0.19,0.13,0.15,0.35,1.0,1.0,0.7021670363406567,0.6681108606472853,0.5871529530041051,0.52382444712084,0.5515860588860082,0.6065682711997791,0.52382444712084
0.19,0.24,0.15,0.35,1.6,1.0,0.7294966376653333,0.6632151553536975,0.5808802390159848,0.5202906217404977,0.5388124240916685,0.6065390155734363,0.5202906217404977
0.13,0.24,0.0,0.15,1.0,1.6,0.7127108743770706,0.6567475093133028,0.5764156153027961,0.5354859424806204,0.5513263649506193,0.6065372612848818,0.5354859424806204
0.13,0.24,0.35,0.0,1.6,1.6,0.7056343302449345,0.657267345115631,0.5754473702147064,0.5433635684093598,0.5508812185150272,0.6065187664999319,0.5433635684093598
0.19,0.13,0.35,0.0,0.6,1.6,0.6869177224743807,0.6707455069809637,0.5818268648506205,0.5386202447557987,0.5543283864291388,0.6064877450981805,0.5386202447557987
0.19,0.13,0.15,0.0,1.0,0.6,0.7021670363406567,0.6681108606472853,0.5871863403264679,0.5239491895089788,0.5509055699657247,0.6064637993578226,0.5239491895089788
0.19,0.13,0.0,0.0,1.6,1.6,0.71601333689853,0.6637399904263808,0.5833285133395408,0.5257702915297194,0.5432369699298524,0.6064178204248047,0.5257702915297194
0.13,0.24,0.15,0.15,1.0,1.6,0.7063996132379536,0.6586192811321157,0.5765985896528804,0.5389567192529618,0.5507288022384205,0.6062606011028664,0.5389567192529618
0.19,0.24,0.35,0.35,1.6,0.6,0.7230639683349159,0.6635058151367473,0.5794745993975741,0.5198523887472528,0.5450543987740164,0.6061902340781014,0.5198523887472528
0.19,0.13,0.15,0.0,0.6,1.0,0.6920179585481537,0.6700824435407731,0.5856368820538489,0.5306298225771938,0.5525587045274484,0.6061851622494836,0.5306298225771938
0.13,0.24,0.15,0.15,0.6,1.6,0.6982275711087675,0.6646117027883061,0.5726887131650451,0.5416734043062679,0.5536190081304284,0.606164079899763,0.5416734043062679
0.19,0.13,0.15,0.15,1.6,1.6,0.711345093792641,0.6626793352174395,0.5837821182697801,0.5261617936316101,0.5466762012751446,0.606128908437323,0.5261617936316101
0.13,0.24,0.15,0.35,0.6,1.6,0.7009651858780676,0.6626251642271247,0.5762702485001046,0.5376852974608497,0.5528216722077332,0.606073513654776,0.5376852974608497
0.19,0.24,0.35,0.35,0.6,0.6,0.6954041773290671,0.6710815602140442,0.5800417643668414,0.5317520632772013,0.5514899886653936,0.6059539107705095,0.5317520632772013
0.13,0.24,0.35,0.0,1.0,1.6,0.6991706960659018,0.6613303597997906,0.5705679970811464,0.5456345782008165,0.5527744323086525,0.6058956126912616,0.5456345782008165
0.19,0.13,0.35,0.15,0.6,1.6,0.6869124011176476,0.6692937654220573,0.5835929605480545,0.5363041821580485,0.5532630386562502,0.6058732695804115,0.5363041821580485
0.19,0.13,0.15,0.35,0.6,1.6,0.6920179585481537,0.6701754645057059,0.5858342087343965,0.5286325918559985,0.5525001809151855,0.605832080911888,0.5286325918559985
0.19,0.13,0.0,0.0,1.0,0.6,0.7080817621353508,0.6652635140696754,0.5859737078076628,0.5196883118937881,0.5499637371819524,0.6057942066176859,0.5196883118937881
0.19,0.13,0.0,0.35,1.0,1.0,0.7080817621353508,0.6659832110393724,0.5860078238461879,0.5190304518524437,0.5498341729862073,0.6057874843719124,0.5190304518524437
0.19,0.24,0.0,0.0,1.6,1.0,0.7376610324770336,0.6567302489430038,0.579287205599918,0.5213066796072965,0.5338884629834133,0.6057747259221331,0.5213066796072965
0.19,0.13,0.0,0.35,0.6,0.6,0.6963647647910178,0.6683895416849954,0.5878574743760913,0.5218658055523387,0.55381895554423,0.6056593083897346,0.5218658055523387
0.19,0.13,0.15,0.15,1.0,0.6,0.7019188936053016,0.6681591211423186,0.5862317904415605,0.5214634499691881,0.5504128508923648,0.6056372212101467,0.5214634499691881
0.19,0.13,0.15,0.15,0.6,1.0,0.6919603742289682,0.6702144318717074,0.5864485370372716,0.5275362687959095,0.5518708496740625,0.6056060923215838,0.5275362687959095
0.13,0.24,0.0,0.0,0.6,1.0,0.7072554090199372,0.6611970549687239,0.5743709707225294,0.5332905394509002,0.5518341551125558,0.6055896258549295,0.5332905394509002
0.13,0.24,0.35,0.15,1.0,1.6,0.6992735726848879,0.6616349040452597,0.5739508376076691,0.5408736153393005,0.5516284444567133,0.605472274826766,0.5408736153393005
0.19,0.13,0.35,0.35,1.6,1.6,0.7020052357440932,0.6670988165959967,0.5847914781775789,0.5251396719464873,0.548298848566628,0.6054668102061569,0.5251396719464873
0.19,0.13,0.35,0.0,1.6,1.0,0.7018214122146814,0.6670430803918226,0.583909204839577,0.5266366890045369,0.5478319261593856,0.6054484625220007,0.5266366890045369
0.19,0.13,0.15,0.15,0.6,0.6,0.6922953013541602,0.6687936863188392,0.586423572690189,0.5251445026997722,0.5543749513699856,0.6054064028865892,0.5251445026997722
0.19,0.13,0.15,0.0,0.6,0.6,0.692303722213394,0.6687390411407393,0.5863254194348354,0.5254706646376214,0.5539944355597575,0.6053666565972695,0.5254706646376214
0.19,0.24,0.0,0.15,1.6,1.0,0.7389742537974585,0.6576083510402231,0.5791816333771794,0.5176976554731297,0.5331837468508751,0.6053291281077732,0.5176976554731297
0.19,0.24,0.0,0.35,1.6,1.6,0.7376610324770336,0.6559201058881359,0.5791753805204719,0.5195669256405642,0.5338725221233618,0.6052391933299136,0.5195669256405642
0.19,0.13,0.35,0.0,1.0,1.0,0.691649640455412,0.6703465367485562,0.585245849054094,0.528472127696798,0.5503487584328081,0.6052125824775336,0.528472127696798
0.13,0.24,0.15,0.0,1.6,1.6,0.7173648008677228,0.6510465280162127,0.5746666224799523,0.535291832857532,0.547432945161904,0.6051605458766648,0.535291832857532
0.19,0.13,0.15,0.35,1.6,1.6,0.7113923737283503,0.662303827330819,0.5829042701201312,0.5234005674618498,0.5455702348943358,0.6051142547070972,0.5234005674618498
0.19,0.13,0.0,0.15,1.0,0.6,0.7083916551227942,0.6637247056053402,0.5851402405485977,0.518560983648727,0.5497340747530227,0.6051103319356964,0.518560983648727
0.13,0.24,0.15,0.0,0.6,1.0,0.7002260013153537,0.6625728617889974,0.5757760336303395,0.5339006569744369,0.5530473798070695,0.6051045867032394,0.5339006569744369
0.19,0.24,0.15,0.15,1.6,0.6,0.7288482489795644,0.6622237101427231,0.5785198997286877,0.5173723039896128,0.5384474739918798,0.6050823273664935,0.5173723039896128
0.13,0.24,0.0,0.35,0.6,1.6,0.7072554090199372,0.660976229871044,0.5747376448706667,0.530970462496891,0.5513505258856658,0.605058054428841,0.530970462496891
0.19,0.13,0.15,0.0,1.6,1.0,0.7113923737283503,0.6622744491272855,0.5829317611461106,0.522837089343547,0.5457236804567058,0.6050318707603998,0.522837089343547
0.19,0.13,0.35,0.35,1.0,1.6,0.6916582633075379,0.6687952486247742,0.5859451890667451,0.5279091045092147,0.5506962532382493,0.6050008117493043,0.5279091045092147
0.19,0.13,0.35,0.15,1.6,1.0,0.701405511084959,0.6665405026482584,0.5847428881796434,0.5240684927923303,0.5481872834998556,0.6049889356410093,0.5240684927923303
0.19,0.13,0.35,0.0,1.6,0.6,0.7023715706283311,0.6666518975823073,0.5849797391431268,0.522548034407311,0.5480408006468253,0.6049184084815803,0.522548034407311
0.19,0.13,0.35,0.0,0.6,1.0,0.6861856948648075,0.6694324334214657,0.5851783549881163,0.5321157774655846,0.5516268574568437,0.6049078236393635,0.5321157774655846
0.13,0.24,0.0,0.0,1.0,1.0,0.7153004359003016,0.6561894132577238,0.5772648590752403,0.5286668380767786,0.546907076669588,0.6048657245959265,0.5286668380767786
0.19,0.13,0.35,0.15,1.0,1.0,0.6922642575111351,0.6685862238173036,0.586828253888866,0.526261777302939,0.5499879529611834,0.6047856930962855,0.526261777302939
0.19,0.13,0.35,0.35,0.6,1.6,0.6862670922069398,0.669437310060081,0.5857368088747074,0.5307338884287162,0.551563218911661,0.6047476636964211,0.5307338884287162
0.13,0.24,0.35,0.15,1.6,1.6,0.7055868417793807,0.6570956194378489,0.574188609189096,0.5381712450943602,0.5486836559875665,0.6047451942976505,0.5381712450943602
0.19,0.13,0.15,0.35,0.6,1.0,0.6918454190007828,0.6659740429810044,0.5859859775301979,0.5255229429706791,0.5543776688717137,0.6047412102708756,0.5255229429706791
0.19,0.13,0.0,0.0,1.6,1.0,0.7167386991792986,0.6619492211679986,0.5825732225177209,0.5202210177843979,0.5417622944394057,0.6046488910177643,0.5202210177843979
0.19,0.13,0.15,0.35,0.6,0.6,0.6921857863323345,0.6690888643052473,0.5852273052647496,0.5227934653330265,0.5536378238518709,0.6045866490174457,0.5227934653330265
0.19,0.13,0.15,0.35,1.0,0.6,0.7016916413886112,0.667234775780828,0.58496358986132,0.5184595059600601,0.5504743852184106,0.6045647796418459,0.5184595059600601
0.13,0.24,0.35,0.0,1.0,1.0,0.7025087258691939,0.6603728553884796,0.5749328956856732,0.5335324298031772,0.5512964914247442,0.6045286796342536,0.5335324298031772
0.19,0.13,0.35,0.35,1.6,1.0,0.701368426524164,0.6666690332244428,0.5848975163128377,0.5215621080238017,0.5477894478841279,0.6044573063938748,0.5215621080238017
0.19,0.13,0.15,0.15,1.6,1.0,0.7111840627407403,0.6618399144206931,0.5833343135316486,0.51996549694372,0.5456439464827668,0.6043935468239138,0.51996549694372
0.13,0.24,0.15,0.15,0.6,1.0,0.7011261776536759,0.6601979735181195,0.5753253084232361,0.5331255677925353,0.5518293572876066,0.6043208769350347,0.5331255677925353
0.13,0.24,0.0,0.35,0.6,1.0,0.7079660955292955,0.6619560642954541,0.5770472285999382,0.5261391961125355,0.5482754402689921,0.604276804961243,0.5261391961125355
0.19,0.13,0.0,0.15,1.6,1.6,0.716661010526848,0.6620419134281476,0.5812833405148767,0.5191631054029755,0.5420798894342658,0.6042458518614227,0.5191631054029755
0.19,0.13,0.35,0.15,1.6,0.6,0.7026883380580445,0.665464115935661,0.5832857951936162,0.5208539413573895,0.5488975837732712,0.6042379548635965,0.5208539413573895
0.19,0.13,0.35,0.0,1.0,0.6,0.6925721152047132,0.6678018564232427,0.586258519285475,0.5238321747741057,0.5506491184895541,0.6042227568354182,0.5238321747741057
0.19,0.13,0.0,0.35,1.6,1.6,0.7167386991792986,0.6611800625835084,0.5822720144163827,0.5187081704593467,0.542212080552353,0.6042222054381778,0.5187081704593467
0.13,0.24,0.0,0.0,0.6,0.6,0.7079573163745206,0.66117552683529,0.5774662833628386,0.5259439067531725,0.5485130596746093,0.6042112186000862,0.5259439067531725
0.19,0.13,0.35,0.35,1.0,1.0,0.6925721152047132,0.666980277649163,0.5864348939426058,0.523612894566726,0.5511868793510333,0.6041574121428482,0.523612894566726
0.13,0.24,0.0,0.15,0.6,1.0,0.707123974270811,0.661903017810052,0.5760605393233601,0.526439290216416,0.5492404801735045,0.6041534603588288,0.526439290216416
0.13,0.24,0.15,0.0,1.0,1.0,0.7076931259685939,0.6587609790613603,0.5744489418783632,0.5331885709717376,0.5465858588288964,0.6041354953417902,0.5331885709717376
0.13,0.24,0.15,0.35,1.0,1.6,0.7076931259685939,0.6588197971048622,0.5765488072456841,0.5304826766025702,0.5470578583970712,0.6041204530637564,0.5304826766025702
0.13,0.24,0.0,0.35,1.0,1.6,0.7153004359003016,0.6551280260208777,0.5763078085483841,0.5273825047228379,0.5460312379761705,0.6040300026337143,0.5273825047228379
0.19,0.13,0.35,0.15,1.0,0.6,0.6924492938216766,0.6663367433622167,0.5864218535552735,0.5232071803205245,0.5514734682451308,0.6039777078609644,0.5232071803205245
0.19,0.13,0.35,0.35,1.0,0.6,0.6923428092802946,0.6682321005032043,0.584836974149879,0.5230877532558269,0.5511681636582821,0.6039335601694974,0.5230877532558269
0.19,0.13,0.0,0.35,1.0,0.6,0.7083916551227942,0.6631009813902444,0.5832607347198575,0.5160154999240384,0.5488277897436379,0.6039193321801145,0.5160154999240384
0.13,0.24,0.35,0.35,1.0,1.6,0.7023830743427606,0.6604256438549957,0.5746405757456435,0.5318658856254945,0.5501874640319053,0.6039005287201599,0.5318658856254945
0.19,0.13,0.15,0.0,1.6,0.6,0.7134711810287472,0.6604890663482723,0.5830458951069271,0.5177322316568539,0.5446772481059268,0.6038831244493454,0.5177322316568539
0.13,0.24,0.35,0.15,1.0,1.0,0.7017207789719303,0.6604537619279486,0.5748347724278361,0.5318322224996,0.5496392574776389,0.6036961586609908,0.5318322224996
0.19,0.13,0.35,0.15,0.6,1.0,0.685646037613841,0.6666913129316696,0.5862789494986356,0.5297721388252984,0.5500840000908203,0.603694487792053,0.5297721388252984
0.13,0.24,0.35,0.0,0.6,1.6,0.6845376419466537,0.659881661826824,0.5673110748161548,0.5502167253604381,0.5564043517813182,0.6036702911462777,0.5502167253604381
0.19,0.13,0.15,0.35,1.6,1.0,0.7131939208033901,0.6604974464639338,0.583220836949373,0.5167204250870804,0.5444427377029737,0.6036150734013501,0.5167204250870804
0.19,0.13,0.35,0.35,1.6,0.6,0.7029414228554184,0.6647195296294766,0.583031814151264,0.5184047483491979,0.5485550097980302,0.6035305049566774,0.5184047483491979
0.19,0.24,0.15,0.35,1.6,0.6,0.7291217230062648,0.6613857191410696,0.5769494023022976,0.5126993543951247,0.5374859028499998,0.6035284203389513,0.5126993543951247
0.19,0.13,0.0,0.15,1.6,1.0,0.7165988155317815,0.6591390206559674,0.5810788738381851,0.5183661316314805,0.5421143918051183,0.6034594466925065,0.5183661316314805
0.19,0.13,0.35,0.0,0.6,0.6,0.6855586730359019,0.6656534258192083,0.5863302856619931,0.5273212115238219,0.5517096794997884,0.6033146551081427,0.5273212115238219
0.19,0.13,0.35,0.35,0.6,1.0,0.6855586730359019,0.6656687368918537,0.586408469726825,0.5269349754954096,0.5517150320858876,0.6032571774471756,0.5269349754954096
0.19,0.13,0.15,0.15,1.6,0.6,0.7134042095228705,0.6596948434536439,0.5827873481825085,0.5150700198362786,0.5452295818277682,0.603237200564614,0.5150700198362786
0.13,0.24,0.0,0.15,0.6,0.6,0.7098923286863428,0.6591098442293405,0.5776987663704074,0.5219136860756989,0.5475334072055664,0.6032296065134712,0.5219136860756989
0.13,0.24,0.35,0.35,1.0,1.0,0.7037151307017477,0.6600032683914133,0.5765424817757466,0.5274265109143618,0.548385658747073,0.6032146101060685,0.5274265109143618
0.13,0.24,0.35,0.0,1.0,0.6,0.7037180226488082,0.6593557677439127,0.5765978796390522,0.5278877566182856,0.5484590898737076,0.6032037033047534,0.5278877566182856
0.19,0.13,0.0,0.0,1.6,0.6,0.7164821341122917,0.6601406703957565,0.5825470156545118,0.513783086813066,0.5421676570653962,0.6030241128082044,0.513783086813066
0.13,0.24,0.15,0.15,1.6,1.6,0.7188487806733398,0.6489488285344349,0.5732204745218118,0.529181065786715,0.5443726526812832,0.602914360439517,0.529181065786715
0.13,0.24,0.0,0.0,1.6,1.6,0.7249303254756777,0.6497801801819009,0.5719251198540817,0.5295129233982844,0.5382876194925336,0.6028872336804957,0.5295129233982844
0.13,0.24,0.15,0.15,1.0,1.0,0.7088245653111711,0.6573628578120471,0.5747042725218505,0.5271269389394777,0.5462330300909413,0.6028503329350976,0.5271269389394777
0.19,0.13,0.0,0.35,1.6,1.0,0.7164821341122917,0.6601406703957565,0.5827440350202883,0.5127841258325045,0.5418172974888973,0.6027936525699478,0.5127841258325045
0.13,0.24,0.15,0.0,0.6,0.6,0.6994832797730041,0.661216206774456,0.5757607785606006,0.526921255311157,0.5505560022133635,0.6027875045265162,0.526921255311157
0.19,0.24,0.0,0.0,1.6,0.6,0.7389625435442536,0.6577502014600548,0.5758609428464672,0.5092384104810227,0.5319926882567094,0.6027609573177015,0.5092384104810227
0.13,0.24,0.0,0.15,1.0,1.0,0.7155503706631202,0.6562814280256863,0.5756213871939142,0.5230259846232695,0.5432457192930307,0.6027449779598042,0.5230259846232695
0.19,0.13,0.15,0.35,1.6,0.6,0.7134205837241565,0.6598858547861604,0.5817644816252701,0.5135991342777033,0.5448153883543543,0.6026970885535289,0.5135991342777033
0.13,0.24,0.15,0.35,0.6,1.0,0.6998408223672088,0.6609726696906602,0.5759186282915719,0.5263533118219734,0.55036441606993,0.6026899696482688,0.5263533118219734
0.19,0.24,0.0,0.35,1.6,1.0,0.7389625435442536,0.6577705365695721,0.5757540552371871,0.5092553201672637,0.5314151515384449,0.6026315214113442,0.5092553201672637
0.19,0.13,0.0,0.15,1.6,0.6,0.71610602006608,0.6598966917819816,0.5821327505343923,0.5123052784409324,0.5423500606318767,0.6025581602910526,0.5123052784409324
0.19,0.13,0.35,0.15,0.6,0.6,0.6859300337013802,0.6637689633413761,0.585238847969468,0.525442715582386,0.5520131609069348,0.602478744300309,0.525442715582386
0.13,0.24,0.35,0.0,1.6,1.0,0.7071713600058341,0.6554204890885885,0.5736790788224579,0.5310791292208643,0.5449077115285342,0.6024515537332558,0.5310791292208643
0.13,0.24,0.15,0.15,0.6,0.6,0.7008826565285872,0.6613077461158013,0.5764041389727468,0.5232478704904603,0.5500776178256196,0.602384005986643,0.5232478704904603
0.13,0.24,0.35,0.35,1.6,1.6,0.7080366641404371,0.6552907134939848,0.5747081320150558,0.5288772856104166,0.5445104895889014,0.6022846569697591,0.5288772856104166
0.08,0.24,0.0,0.0,0.6,1.6,0.6985296496395473,0.6484721942876073,0.5684383045517186,0.538727936892314,0.5569963019807648,0.6022328774703903,0.538727936892314
0.08,0.24,0.0,0.0,1.0,1.6,0.7084033382747352,0.6459376851694932,0.5700957657436369,0.534065095474714,0.552480817244205,0.6021965403813568,0.534065095474714
0.13,0.24,0.35,0.15,0.6,1.6,0.6841913522432952,0.6586913733830226,0.5681619773941082,0.5433742479746339,0.5563750299402381,0.6021587961870596,0.5433742479746339
0.13,0.24,0.35,0.0,0.6,1.0,0.6838650564806189,0.6582340073776147,0.5734312381138188,0.5415186008732513,0.552901466777605,0.6019900739245817,0.5415186008732513
0.13,0.24,0.0,0.35,0.6,0.6,0.709441852678732,0.6577621498183044,0.5770429445955239,0.5185961628497616,0.5460018910006957,0.6017690001886036,0.5185961628497616
0.13,0.24,0.35,0.35,0.6,1.6,0.6838703290736802,0.6578454973061124,0.5741769627867397,0.5401738475646428,0.5524130270473852,0.6016959327557121,0.5401738475646428
0.19,0.24,0.0,0.15,1.6,0.6,0.7389283694548278,0.6571183790759774,0.5756916573418389,0.5061014586544255,0.5304167808814435,0.6016513290817025,0.5061014586544255
0.13,0.24,0.35,0.15,1.0,0.6,0.7045287089514354,0.6587358351284117,0.5754054810186148,0.5218251235521247,0.54731493195893,0.6015620161219033,0.5218251235521247
0.08,0.24,0.0,0.15,0.6,1.6,0.698526743693215,0.6485359085243836,0.5724184741887651,0.5328288767624136,0.5553276252468545,0.6015275256831264,0.5328288767624136
0.19,0.13,0.0,0.35,1.6,0.6,0.7160902564992425,0.6599809065904287,0.5796706448131766,0.5096636814216587,0.542193696205722,0.6015198371060457,0.5096636814216587
0.13,0.24,0.15,0.35,0.6,0.6,0.6991495234972444,0.6613723201541788,0.5770847859703021,0.520581888003462,0.5489757806930192,0.6014328596636414,0.520581888003462
0.19,0.13,0.35,0.35,0.6,0.6,0.6849636168707072,0.6631644319355144,0.5837814783482597,0.5241669700441884,0.5507941112195314,0.6013741216836402,0.5241669700441884
0.08,0.24,0.15,0.0,1.0,1.6,0.6992403326090055,0.6471590557809911,0.5676583403472176,0.5380163066055124,0.5547218676023464,0.6013591805890146,0.5380163066055124
0.13,0.24,0.35,0.15,0.6,1.0,0.6838442057716948,0.6576416512809559,0.5760839472658285,0.5360342958741621,0.5518333070197089,0.60108748144247,0.5360342958741621
0.13,0.24,0.35,0.15,1.6,1.0,0.7080185349575355,0.6532740603903358,0.5748151371599726,0.5237852649023962,0.5452909450982308,0.6010367885016941,0.5237852649023962
0.13,0.13,0.0,0.0,1.0,1.6,0.7036185061892979,0.6531789890634294,0.5761891388149752,0.524498228053623,0.5473368433837565,0.6009643411010164,0.524498228053623
0.13,0.24,0.35,0.35,1.0,0.6,0.7044066825043336,0.6578181034456703,0.5766416001831892,0.5191573097203898,0.5467767987110016,0.6009600989129169,0.5191573097203898
0.08,0.24,0.15,0.0,0.6,1.6,0.6937051234685824,0.6487000416900426,0.565588295626739,0.5394183862377777,0.5565213489223929,0.6007866391891069,0.5394183862377777
0.13,0.24,0.15,0.0,1.0,0.6,0.7096330516200495,0.6553339124261057,0.5744211618764116,0.5204517399402585,0.5435286297451646,0.600673699121598,0.5204517399402585
0.13,0.13,0.0,0.15,0.6,1.6,0.6890437894055427,0.6553483182689813,0.5782789331915377,0.5301639709419531,0.5502663231210254,0.6006202669858081,0.5301639709419531
0.13,0.24,0.0,0.0,1.0,0.6,0.7147378242925022,0.6535582471893298,0.5760820676842348,0.5174030613922777,0.5412723624990873,0.6006107126114864,0.5174030613922777
0.13,0.24,0.15,0.0,1.6,1.0,0.7188848428594514,0.6491838823598951,0.5732025821135353,0.5238062959127697,0.5379587499422879,0.6006072706375879,0.5238062959127697
0.19,0.06,0.35,0.0,0.6,1.6,0.6822701086664473,0.6646172072376266,0.5836813755520431,0.5210505817339809,0.5513867617425444,0.6006012069865285,0.5210505817339809
0.13,0.13,0.0,0.0,0.6,1.6,0.6890955183237294,0.6553958606913736,0.5760362778638688,0.5296479576048158,0.5528234209172468,0.6005998070802069,0.5296479576048158
0.13,0.13,0.15,0.0,1.0,1.6,0.696313614799254,0.655166798288695,0.5748798610524358,0.527700403857581,0.548704510020641,0.6005530376037214,0.527700403857581
0.13,0.24,0.15,0.15,1.0,0.6,0.7102061193034281,0.6544532748922903,0.5759933376445397,0.5196857841572385,0.5422556997345424,0.6005188431464078,0.5196857841572385
0.13,0.13,0.15,0.15,1.0,1.6,0.6967654210231102,0.6557322560862392,0.5747092952381321,0.5278837991847215,0.5474380657982475,0.6005057674660901,0.5278837991847215
0.19,0.06,0.0,0.0,0.6,1.6,0.6825207055431367,0.6640137742854417,0.5838017237954584,0.520602450260722,0.5515142821479339,0.6004905872065385,0.520602450260722
0.13,0.24,0.0,0.35,1.0,1.0,0.7149685047999994,0.6536952723688624,0.5762488167143213,0.5159831744744464,0.5411351737852237,0.6004061884285706,0.5159831744744464
0.19,0.06,0.0,0.0,1.0,1.6,0.6913670471705429,0.6604472504825555,0.5836744812193321,0.5194983430683396,0.5469412794275648,0.6003856802736669,0.5194983430683396
0.08,0.24,0.0,0.15,1.0,1.6,0.7097581764086449,0.6454583345301441,0.5681712024111183,0.5277103600028359,0.5508130278856271,0.6003822202476741,0.5277103600028359
0.13,0.24,0.15,0.35,1.0,1.0,0.7096330516200495,0.6548459744534546,0.5738195447485244,0.5192838209627114,0.5441430084662977,0.6003450800502075,0.5192838209627114
0.13,0.24,0.0,0.15,1.6,1.6,0.7259238084328333,0.6477599982660254,0.5692877844335279,0.524769896249849,0.533930538407763,0.6003344051579997,0.524769896249849
0.19,0.06,0.0,0.35,0.6,0.6,0.6842745133773056,0.6638459618278767,0.5857818849661227,0.5146858853881132,0.552366628824132,0.60019097487671,0.5146858853881132
0.19,0.06,0.0,0.0,1.6,1.6,0.7041131307101487,0.6541745254209402,0.5817057629759793,0.5182696344093055,0.5424826762356404,0.6001491459504028,0.5182696344093055
0.19,0.06,0.35,0.15,0.6,1.6,0.6816448946455108,0.6649778954722549,0.5849220242928894,0.5185019218321686,0.5506467636519172,0.6001386999789482,0.5185019218321686
0.19,0.06,0.0,0.15,0.6,1.6,0.6831312526446294,0.6630329974113272,0.584032963884334,0.5198340266319709,0.5503573698648087,0.600077722087414,0.5198340266319709
0.19,0.06,0.0,0.15,0.6,1.0,0.6840214952951807,0.6635113022500865,0.5850036102008144,0.5169754619911504,0.5508649809070227,0.6000753701288509,0.5169754619911504
0.13,0.24,0.15,0.35,1.6,1.6,0.7188848428594514,0.6486517763443636,0.5728650299791342,0.522334608384045,0.5375503828740748,0.6000573280882138,0.522334608384045
0.08,0.24,0.15,0.15,1.0,1.6,0.7003127347613042,0.6465726340042843,0.5692149813219215,0.5328249440297402,0.5513171938919101,0.6000484976018321,0.5328249440297402
0.19,0.06,0.0,0.35,0.6,1.0,0.6840127687101949,0.6633852596130535,0.584519454169157,0.5159108809296451,0.5522885496636692,0.6000233826171438,0.5159108809296451
0.19,0.06,0.35,0.0,0.6,1.0,0.6804410149393354,0.664942499082991,0.5858473265696655,0.5185877655137574,0.5501742548060106,0.599998572182352,0.5185877655137574
0.19,0.06,0.0,0.0,0.6,0.6,0.6840127687101949,0.6632079507133111,0.5846012327269764,0.5160237747823968,0.552045131418738,0.5999781716703234,0.5160237747823968
0.19,0.06,0.0,0.15,0.6,0.6,0.6840072969336185,0.6632788171193774,0.5845407447904606,0.5151689211572139,0.5528590248978437,0.5999709609797028,0.5151689211572139
0.19,0.06,0.35,0.0,1.0,1.6,0.6825537217477461,0.6632214934380956,0.5826034933868899,0.5210575014984505,0.5501839988064928,0.5999240417755349,0.5210575014984505
0.19,0.06,0.0,0.0,0.6,1.0,0.6838048926026828,0.6633557007191554,0.5842405820635351,0.5176134987545256,0.5500644269626566,0.5998158202205112,0.5176134987545256
0.08,0.24,0.35,0.0,1.0,1.6,0.6940249997465638,0.6458979023905268,0.5663000473621169,0.5393991443364768,0.5534494520540153,0.5998143091779399,0.5393991443364768
0.19,0.24,0.0,0.35,1.6,0.6,0.7385049237527034,0.6575509340809216,0.5724553979927692,0.5017891298803614,0.5286601090748181,0.5997920989563147,0.5017891298803614
0.19,0.06,0.15,0.0,0.6,1.6,0.6806041180785624,0.662743383459032,0.5832913664424701,0.521025931061897,0.5511113129778672,0.5997552224039657,0.521025931061897
0.19,0.06,0.35,0.35,0.6,1.6,0.6804410149393354,0.6649622092510729,0.5848772523253712,0.5182511459931242,0.550222054594987,0.5997507354207781,0.5182511459931242
0.19,0.06,0.35,0.15,0.6,1.0,0.6799000300466992,0.6649919487952752,0.5847086664957077,0.5177412137939013,0.551388341511925,0.5997460401287016,0.5177412137939013
0.19,0.06,0.0,0.0,1.0,1.0,0.6916218184080025,0.660814008896224,0.5829448779036864,0.5164617362682785,0.5468803029785556,0.5997445488909493,0.5164617362682785
0.19,0.06,0.15,0.0,0.6,0.6,0.6827009761364624,0.6618191799332752,0.5864905843813083,0.5153751498076927,0.5522185876726752,0.5997208955862827,0.5153751498076927
0.19,0.06,0.0,0.15,1.0,0.6,0.6918478084672878,0.6605809057986062,0.5842731196379972,0.5124906892230224,0.5492646683184012,0.5996914382890629,0.5124906892230224
0.19,0.06,0.0,0.15,1.0,1.6,0.691653833816411,0.6604664580306101,0.582484114701761,0.5178974978492132,0.545909961061263,0.5996823730918517,0.5178974978492132
0.19,0.06,0.0,0.35,1.0,0.6,0.6933316624666036,0.6599122963966475,0.5829787418944204,0.5131539034203941,0.548942850121954,0.5996638908600038,0.5131539034203941
0.19,0.06,0.15,0.35,0.6,1.0,0.6827009761364624,0.6618512716547934,0.5861095062926617,0.5154735321493338,0.5521089102908184,0.5996488393048139,0.5154735321493338
0.19,0.06,0.0,0.35,1.0,1.6,0.6916218184080025,0.6608887403413015,0.5832160211049329,0.5156802187072016,0.5468217682480435,0.5996457133618964,0.5156802187072016
0.19,0.06,0.35,0.15,1.0,1.6,0.6830445740403637,0.6629288217269449,0.582602097598198,0.5192755875531118,0.5501173907300422,0.5995936943297322,0.5192755875531118
0.19,0.06,0.0,0.35,0.6,1.6,0.6838048926026828,0.663058603524177,0.5837274337586437,0.5174001558900523,0.5499738822994622,0.5995929936150036,0.5174001558900523
0.08,0.24,0.0,0.0,0.6,1.0,0.6985502222450893,0.6469695600464425,0.5708638054751005,0.5273575735826349,0.5540131690864012,0.5995508660871337,0.5273575735826349
0.19,0.06,0.35,0.0,0.6,0.6,0.6799321870527406,0.6641094218645622,0.5848850013390916,0.5161519777783954,0.552635453100977,0.5995428082271534,0.5161519777783954
0.13,0.13,0.35,0.0,1.6,1.6,0.6969602585456651,0.6532610950716875,0.5743478960936721,0.5258582307611716,0.5472219824426857,0.5995298925829764,0.5258582307611716
0.13,0.13,0.0,0.15,1.0,1.6,0.7029326316978808,0.6527760303334171,0.5760113950921919,0.5198085345212644,0.5459237804669747,0.5994904744223458,0.5198085345212644
0.19,0.06,0.35,0.0,1.0,1.0,0.6833997885899515,0.6624009435057091,0.5844968434982506,0.5181403633133465,0.5489920661491248,0.5994860010112765,0.5181403633133465
0.19,0.06,0.15,0.15,0.6,1.6,0.6809593326281503,0.6620985591541038,0.5837527673617732,0.519938093681189,0.5506275276604891,0.5994752560971411,0.519938093681189
0.19,0.06,0.15,0.35,0.6,0.6,0.6830063493327347,0.6622305706142483,0.5867494885767457,0.5133887801581495,0.5519190741869047,0.5994588525737565,0.5133887801581495
0.19,0.06,0.0,0.15,1.0,1.0,0.6919344434580226,0.6609532783032229,0.5828952113486684,0.5146370575560847,0.5468062181144681,0.5994452417560934,0.5146370575560847
0.19,0.06,0.35,0.35,0.6,1.0,0.6799373173099716,0.6641406994382126,0.5846870688154512,0.5161125897611173,0.5522838579476262,0.5994323066544759,0.5161125897611173
0.19,0.06,0.15,0.15,0.6,1.0,0.6826065106716022,0.6619023989974289,0.5852931570257186,0.5164261769086543,0.5508795199720375,0.5994215527150883,0.5164261769086543
0.13,0.13,0.15,0.0,1.6,1.6,0.7029156473164133,0.6507718282476166,0.5760629767375323,0.5227513168990207,0.5445647668300263,0.5994133072061218,0.5227513168990207
0.08,0.24,0.15,0.15,0.6,1.6,0.6955553409476964,0.6468058610793944,0.5651528987426585,0.5351380662317411,0.5540819479829542,0.599346822996889,0.5351380662317411
0.19,0.06,0.0,0.0,1.0,0.6,0.6918478084672878,0.6604186908977302,0.5839134447482554,0.5131460628468806,0.5473663498718568,0.5993384713664021,0.5131460628468806
0.13,0.24,0.15,0.35,1.0,0.6,0.7104473850011288,0.656205920879177,0.5723372428954622,0.5152704830990321,0.5423463188133173,0.5993214701376235,0.5152704830990321
0.19,0.06,0.15,0.0,0.6,1.0,0.6817958562231767,0.6613779540007809,0.5851206587051275,0.5179683237023718,0.550333044124792,0.5993191673512498,0.5179683237023718
0.19,0.06,0.15,0.0,1.0,1.6,0.685347278556411,0.660169656284918,0.5837019581441566,0.5196711839903335,0.5476428743581488,0.5993065902667936,0.5196711839903335
0.19,0.06,0.0,0.35,1.0,1.0,0.6919020870684921,0.6604367805538744,0.5838830584872247,0.5130131240817282,0.5472586443334004,0.5992987389049439,0.5130131240817282
0.19,0.06,0.0,0.0,1.6,1.0,0.7044813589457196,0.6560588218987333,0.5801008790831447,0.5133225189562519,0.5424731536036963,0.5992873464975091,0.5133225189562519
0.19,0.06,0.15,0.15,0.6,0.6,0.6826562774059064,0.6621243260669185,0.5856114559682104,0.5141470304548666,0.5518752235188294,0.5992828626829463,0.5141470304548666
0.19,0.06,0.0,0.15,1.6,1.6,0.7040757371051196,0.6538133341580713,0.5810973780133913,0.5148238910922682,0.5425974267294088,0.599281553419652,0.5148238910922682
0.08,0.24,0.0,0.35,0.6,1.6,0.6992894068078033,0.6469705684810717,0.5704514715667979,0.5256115566662214,0.5540452690010836,0.5992736545045955,0.5256115566662214
0.19,0.06,0.0,0.15,1.6,1.0,0.7052603514427666,0.6552197287052014,0.5815947742642279,0.5117236532911231,0.5425474329198313,0.5992691881246301,0.5117236532911231
0.19,0.06,0.15,0.15,1.0,1.6,0.6852900593034247,0.6604497898204847,0.5838418489101369,0.5183985030126252,0.5483078226027623,0.5992576047298868,0.5183985030126252
0.19,0.06,0.0,0.35,1.6,1.6,0.7044813589457196,0.6554354978106861,0.5810135980354132,0.5128517863204904,0.5422583946201764,0.5992081271464971,0.5128517863204904
0.19,0.06,0.0,0.0,1.6,0.6,0.7049537326713027,0.6553120089669066,0.5816874121290517,0.5107921697226904,0.5430826876644017,0.5991656022308707,0.5107921697226904
0.19,0.06,0.0,0.35,1.6,1.0,0.7049537326713027,0.6553322621530525,0.5816638061773636,0.5107100116079011,0.5431083925181822,0.5991536410255603,0.5107100116079011
0.08,0.24,0.35,0.0,1.6,1.6,0.6992365937683435,0.6413441677116508,0.5672979214200026,0.5362841672701691,0.5512747982278194,0.599087529679597,0.5362841672701691
0.19,0.06,0.35,0.35,1.0,1.6,0.6833997885899515,0.660159033512417,0.5849276154449587,0.5179468069100173,0.548923652355677,0.5990713793626044,0.5179468069100173
0.19,0.06,0.35,0.0,1.0,0.6,0.6839142615090159,0.6606173651590622,0.5844485216158607,0.5153837387222365,0.550870217277074,0.59904682085665,0.5153837387222365
0.19,0.06,0.35,0.15,1.0,0.6,0.6838641919784254,0.6607487627444688,0.5846026664924724,0.5144693806733864,0.5515379823552361,0.5990445968487979,0.5144693806733864
0.19,0.06,0.35,0.15,0.6,0.6,0.6798295117601365,0.6642329514853625,0.5837509413764173,0.5152727227859942,0.5521134648723812,0.5990399184560584,0.5152727227859942
0.13,0.24,0.35,0.0,1.6,0.6,0.7089499075065552,0.652820546040654,0.5723428048230088,0.5182023420374858,0.5428465635787295,0.5990324327972866,0.5182023420374858
0.19,0.06,0.15,0.35,1.0,1.6,0.6848019429624473,0.6611286768387098,0.5834978741574975,0.5167783538491372,0.5489382246412198,0.5990290144898023,0.5167783538491372
0.13,0.13,0.15,0.0,0.6,1.6,0.6842006510409248,0.6496502987913036,0.5725127352464252,0.5361014730807988,0.5524818360382974,0.59898939883955,0.5361014730807988
0.13,0.13,0.0,0.0,1.0,1.0,0.7036310538773884,0.6510916190469582,0.5745962888262687,0.5202667938274167,0.5452294377165801,0.5989630386589224,0.5202667938274167
0.19,0.06,0.35,0.35,1.0,0.6,0.6837524900236412,0.661039506887848,0.5859221375163117,0.5129402674160983,0.5511497418773278,0.5989608287442454,0.5129402674160983
0.13,0.24,0.35,0.35,1.6,1.0,0.7093229954309427,0.6529194994682748,0.5728800469960647,0.517094937288294,0.5423914800271216,0.5989217918421395,0.517094937288294
0.19,0.06,0.15,0.15,1.0,1.0,0.684409102899593,0.6609909522341545,0.5838154180477312,0.5166107886382942,0.5487782739013206,0.5989209071442188,0.5166107886382942
0.19,0.06,0.35,0.35,0.6,0.6,0.679709186855872,0.6647057424897439,0.5847927836397702,0.5147269858413687,0.5506444248597995,0.5989158247373109,0.5147269858413687
0.08,0.24,0.35,0.15,1.0,1.6,0.6960029999509054,0.6450347587942209,0.566314111993315,0.5345295706737628,0.5526914762158852,0.5989145835256179,0.5345295706737628
0.19,0.06,0.15,0.35,0.6,1.6,0.6813290028151469,0.6614022525817439,0.5847553721954282,0.5172729571852986,0.5497956765140274,0.5989110522583291,0.5172729571852986
0.19,0.06,0.35,0.35,1.0,1.0,0.6835482966240372,0.6606580457813503,0.5843761194613228,0.5151838169715338,0.5507553722029376,0.5989043302082363,0.5151838169715338
0.19,0.06,0.0,0.15,1.6,0.6,0.7049537326713027,0.6554194115874767,0.5814443021313984,0.5092009084992515,0.5432680583572518,0.5988572826493362,0.5092009084992515
0.19,0.06,0.0,0.35,1.6,0.6,0.7050489711287424,0.6558558588544708,0.5814421767257466,0.5086837131214396,0.543240250823511,0.5988541941307821,0.5086837131214396
0.13,0.24,0.0,0.15,1.0,0.6,0.7146739506054972,0.6531283251286422,0.5730089551388395,0.51222350897007,0.5412171288003105,0.5988503737286719,0.51222350897007
0.19,0.06,0.15,0.0,1.0,1.0,0.6848019429624473,0.6610440867031623,0.5833531776908981,0.5159299787834344,0.5490186870595628,0.598829574639901,0.5159299787834344
0.19,0.06,0.35,0.15,1.0,1.0,0.6838165544865936,0.6605426555311444,0.5831977462156084,0.5160401740767356,0.549868606385374,0.5986931473390913,0.5160401740767356
0.13,0.13,0.0,0.35,1.0,1.6,0.7036310538773884,0.6510924734332982,0.5748639542706798,0.5189869255127028,0.5447746422556643,0.5986698098699467,0.5189869255127028
0.19,0.06,0.15,0.35,1.0,0.6,0.6845680531315737,0.6616017236663136,0.5832961283036444,0.5139421024984164,0.5498227059601013,0.5986461427120099,0.5139421024984164
0.19,0.06,0.15,0.35,1.0,1.0,0.684727767379806,0.6611120532236224,0.5825211259607074,0.5148390100990535,0.5498296452830447,0.5986059203892469,0.5148390100990535
0.19,0.06,0.35,0.0,1.6,1.6,0.685329010379575,0.6595494423534206,0.5826302397358433,0.519008661560772,0.5461735336047965,0.5985381775268814,0.519008661560772
0.13,0.13,0.15,0.0,1.0,1.0,0.6958949199056346,0.6559369469075026,0.5740163543167788,0.5222334096049709,0.544552952569081,0.5985269166607935,0.5222334096049709
0.13,0.13,0.35,0.0,1.0,1.6,0.6843635185432843,0.6489672936679325,0.5728887689436002,0.5356649527639984,0.5506339303730697,0.598503692858377,0.5356649527639984
0.19,0.06,0.15,0.0,1.0,0.6,0.684727767379806,0.6610949175814868,0.5822767175227384,0.5148366688726539,0.5492368075794142,0.5984345757872198,0.5148366688726539
0.19,0.06,0.15,0.15,1.0,0.6,0.6847155783379906,0.661330506864972,0.5818957091392651,0.5143516599919211,0.5495185852622181,0.5983624079192734,0.5143516599919211
0.13,0.13,0.15,0.15,0.6,1.6,0.6838177210954763,0.6501336651492601,0.5756781576111278,0.5299271593022341,0.5518447395098004,0.5982802885335798,0.5299271593022341
0.13,0.24,0.0,0.0,1.6,1.0,0.7265992018427313,0.6458343735160966,0.569816109733261,0.5184342341838218,0.5303113784744422,0.5981990595500706,0.5184342341838218
0.13,0.13,0.15,0.35,1.0,1.6,0.6962365717178747,0.6549618632204031,0.5739447178915053,0.5215270405242455,0.5442858529822242,0.5981912092672506,0.5215270405242455
0.19,0.06,0.35,0.15,1.6,1.6,0.6852916266309739,0.6591294807727908,0.5825075540628306,0.5179993880220973,0.546017727651092,0.5981891554279569,0.5179993880220973
0.13,0.13,0.0,0.0,0.6,1.0,0.6882390833541429,0.6546185190114977,0.576655835667478,0.5227308943661801,0.5486543287188154,0.5981797322236229,0.5227308943661801
0.13,0.24,0.35,0.15,1.6,0.6,0.7091931121680705,0.6528028477017714,0.5730127698188208,0.5140898569067684,0.541624090345747,0.5981445353882356,0.5140898569067684
0.13,0.24,0.15,0.15,1.6,1.0,0.7173318223549581,0.6477338445851192,0.5717071325988288,0.5187380265197378,0.5350988061850304,0.5981219264487349,0.5187380265197378
0.19,0.06,0.15,0.0,1.6,1.6,0.6915695309579091,0.6568336616136974,0.581236153536363,0.5182810805339529,0.5425647329691655,0.5980970319222176,0.5182810805339529
0.08,0.24,0.15,0.0,1.6,1.6,0.7094048735502001,0.6405547656805659,0.5656872561263337,0.5289923752170059,0.5457877532639054,0.5980854047676022,0.5289923752170059
0.13,0.13,0.0,0.15,1.0,1.0,0.7034709792169227,0.6518305325898918,0.5755449245563143,0.5152132727755938,0.5442663836284327,0.5980652185534311,0.5152132727755938
0.13,0.13,0.35,0.15,1.6,1.6,0.6962781101458551,0.6530330995444518,0.5734867575864986,0.5215812204400316,0.5459124628938256,0.5980583301221325,0.5215812204400316
0.08,0.24,0.15,0.0,0.6,1.0,0.6939386196453214,0.647582189635933,0.5686019576715181,0.528459946926,0.5515622368859564,0.5980289901529459,0.528459946926
0.08,0.24,0.35,0.0,0.6,1.6,0.6807078052793311,0.6497167901352717,0.5616705019750047,0.5403392896311584,0.5572820764135252,0.5979432926868582,0.5403392896311584
0.13,0.13,0.0,0.35,0.6,1.6,0.6882390833541429,0.6558573385852038,0.5756085988460262,0.5218318818989548,0.5481005886672431,0.5979274982703141,0.5218318818989548
0.19,0.06,0.35,0.0,1.6,1.0,0.6848110477627483,0.6598844609536144,0.5831222450969578,0.5158989469700266,0.5459061435422844,0.5979245688651262,0.5158989469700266
0.13,0.24,0.35,0.0,0.6,0.6,0.6843589053417902,0.6531383053621699,0.5732192176212609,0.5294825085972141,0.5493281536114025,0.5979054181067676,0.5294825085972141
0.13,0.13,0.0,0.15,1.0,0.6,0.7053200216205358,0.6539431387343677,0.5751175934446111,0.5108728149443538,0.5442649882122531,0.5979037113912242,0.5108728149443538
0.08,0.24,0.35,0.15,1.6,1.6,0.7005368758056849,0.6413461819088262,0.5680878814406217,0.5313489355727915,0.5481521910271877,0.5978944131510224,0.5313489355727915
0.08,0.24,0.0,0.15,0.6,1.0,0.6995562043831469,0.6446862663013341,0.5715935761161147,0.521960355591638,0.5514305886965566,0.5978453982177581,0.521960355591638
0.08,0.24,0.0,0.0,1.0,1.0,0.7086340361207215,0.6443219759766229,0.5671319360181937,0.5227626672953464,0.5463205217804403,0.597834227438265,0.5227626672953464
0.19,0.06,0.15,0.15,1.6,1.6,0.6917827600363364,0.6562184343090386,0.5809544883643554,0.5166525125456302,0.5434506954313324,0.5978117781373385,0.5166525125456302
0.13,0.24,0.0,0.35,1.0,0.6,0.7165464861718044,0.6522563580470107,0.571704978041663,0.5067184392823412,0.5417145973434844,0.5977881717772606,0.5067184392823412
0.13,0.24,0.35,0.35,0.6,1.0,0.6843589053417902,0.652939886121398,0.5734606400113571,0.5292197986373282,0.5488745386312939,0.5977707537486335,0.5292197986373282
0.19,0.06,0.35,0.15,1.6,1.0,0.6849308163387112,0.6599071820736182,0.5824919317780839,0.5152426415363334,0.5461925838903761,0.5977530311234245,0.5152426415363334
0.19,0.06,0.35,0.35,1.6,1.6,0.6848166233905639,0.6599483939997832,0.5823909340708728,0.5154572354401987,0.5458959349280503,0.5977018243658938,0.5154572354401987
0.19,0.06,0.35,0.35,1.6,0.6,0.6845768518168451,0.6598161846585567,0.5827643494590273,0.5133183221144484,0.5473452967285202,0.5975642009554795,0.5133183221144484
0.13,0.13,0.15,0.15,1.6,1.6,0.7035707737394238,0.6493776638353753,0.5740839203248191,0.517835954035926,0.5428841000769944,0.5975504824025076,0.517835954035926
0.13,0.24,0.35,0.15,0.6,0.6,0.6854465486434451,0.654162683316089,0.5738106712583794,0.5256361946224293,0.5485286459761038,0.5975169487632893,0.5256361946224293
0.08,0.24,0.15,0.35,0.6,1.6,0.6939253094538361,0.6476296783933185,0.5685254944444619,0.5266279297547097,0.5508750292984634,0.597516688268958,0.5266279297547097
0.13,0.13,0.15,0.15,1.0,1.0,0.6966442942945631,0.6555612309242367,0.5736671662376848,0.5183216278315593,0.543379459763989,0.5975147558104066,0.5183216278315593
0.13,0.13,0.0,0.35,1.0,1.0,0.7045092772600957,0.653354346192167,0.5748341901569983,0.5112938978545933,0.5435780976419518,0.5975139618211612,0.5112938978545933
0.19,0.06,0.35,0.0,1.6,0.6,0.684392845744063,0.6598052050991536,0.5822111102176631,0.5142231054382246,0.5463354901769023,0.5973935513352013,0.5142231054382246
0.19,0.06,0.35,0.15,1.6,0.6,0.6847097797309426,0.659256732752694,0.5821190943939585,0.5136954905302488,0.5471237002267991,0.5973809595269286,0.5136954905302488
0.13,0.13,0.35,0.15,1.0,1.6,0.6839205463976018,0.6484665181761606,0.5742486244631689,0.5310175155671222,0.5492437217662437,0.5973793852740595,0.5310175155671222
0.13,0.24,0.35,0.35,0.6,0.6,0.6885602565428828,0.6543327037890134,0.5745229637252048,0.5210264917656173,0.5483701372305995,0.5973625106106637,0.5210264917656173
0.19,0.06,0.35,0.35,1.6,1.0,0.6845199336162489,0.6598223407412893,0.581989801327635,0.5139529933513826,0.5463953079522278,0.5973360753977567,0.5139529933513826
0.13,0.13,0.0,0.0,1.0,0.6,0.7045092772600957,0.6533301696327136,0.5737554198692779,0.5112530471285994,0.5436067829786851,0.5972909393738742,0.5112530471285994
0.13,0.24,0.35,0.35,1.6,0.6,0.7100656649496143,0.6520218399610724,0.5701285249340363,0.5142774435100924,0.5398162242253369,0.5972619395160306,0.5142774435100924
0.08,0.24,0.35,0.0,1.0,1.0,0.6948825149584706,0.6450789246981313,0.5688417807031756,0.5279785847798606,0.5494839646719676,0.5972531539623211,0.5279785847798606
0.08,0.24,0.0,0.35,1.0,1.6,0.7085200370327143,0.6440579776360137,0.5662204260562343,0.5213981357796773,0.5458576118163244,0.5972108376641928,0.5213981357796773
0.08,0.24,0.15,0.0,1.0,1.0,0.701026955630687,0.6449473932317789,0.5677204918618562,0.5250555548341409,0.5470223663293967,0.597154552377572,0.5250555548341409
0.13,0.13,0.35,0.0,1.6,1.0,0.6961916147545437,0.6518475564400827,0.573936946683384,0.5207827140996798,0.5428529490546129,0.5971223562064607,0.5207827140996798
0.19,0.06,0.15,0.0,1.6,1.0,0.6919413617140606,0.6555381326653134,0.5807930445737454,0.5143344118159087,0.5428468639589279,0.5970907629455912,0.5143344118159087
0.08,0.24,0.35,0.0,1.6,1.0,0.7015881008934212,0.6438421212481564,0.5680433307079432,0.5262804908082606,0.545356568850894,0.597022122501735,0.5262804908082606
0.13,0.13,0.0,0.0,1.6,1.6,0.7054446006798958,0.6431001508090619,0.5741384845414383,0.5199917024133142,0.5423980875592093,0.5970146052005838,0.5199917024133142
0.13,0.24,0.0,0.35,1.6,1.6,0.7267314211992509,0.6459072465402491,0.568593518906677,0.5148869144695154,0.5288167180737621,0.596987163837891,0.5148869144695154
0.19,0.06,0.15,0.35,1.6,1.6,0.6919413617140606,0.6549722047804908,0.5808244893596519,0.5138488942306602,0.543253951422145,0.5969681803014018,0.5138488942306602
0.08,0.24,0.15,0.35,1.0,1.6,0.701026955630687,0.6453052291638274,0.5680340031918105,0.5239826702766734,0.5463482844680748,0.5969394285462146,0.5239826702766734
0.08,0.24,0.35,0.15,0.6,1.6,0.6811612997018315,0.6514548595370563,0.561623412125808,0.5352235473210395,0.5550781726368202,0.5969082582645111,0.5352235473210395
0.19,0.06,0.15,0.15,1.6,1.0,0.6919413617140606,0.6555891556336413,0.5811532746249036,0.5128238461861935,0.542831995754666,0.5968679267826931,0.5128238461861935
0.08,0.24,0.15,0.15,0.6,1.0,0.6944835469617234,0.6461809747999798,0.5679779630464432,0.5251521286465577,0.5502839854022863,0.5968157197713981,0.5251521286465577
0.19,0.06,0.15,0.15,1.6,0.6,0.692058317127375,0.6547891687283355,0.5809175969620932,0.5117039572246591,0.5444662717797245,0.5967870623644373,0.5117039572246591
0.19,0.06,0.15,0.35,1.6,0.6,0.6920448811605922,0.65433224805368,0.5809758727439338,0.5103269670935241,0.5460982931014616,0.5967556524306383,0.5103269670935241
0.08,0.24,0.35,0.35,1.0,1.6,0.6948825149584706,0.6448662398584517,0.5693063963266191,0.5257947358157574,0.5488940953808674,0.5967487964680334,0.5257947358157574
0.19,0.06,0.15,0.35,1.6,1.0,0.6920684495862465,0.6548014860465242,0.5812167672922081,0.5111464372364654,0.5442024974993698,0.5966871275321628,0.5111464372364654
0.19,0.06,0.15,0.0,1.6,0.6,0.6920684495862465,0.6546926687352445,0.5812498072932523,0.5113246815814244,0.5436395682103927,0.5965950350813121,0.5113246815814244
0.08,0.24,0.15,0.15,1.6,1.6,0.7102782832607754,0.6431291462815082,0.5647226318585097,0.5223572329588566,0.5422206577611619,0.5965415904241623,0.5223572329588566
0.13,0.13,0.35,0.35,1.6,1.6,0.6961916147545437,0.6518865272730314,0.5724889904868428,0.5193416242273773,0.5423700704894431,0.5964557654462477,0.5193416242273773
0.13,0.13,0.0,0.15,0.6,1.0,0.6884947066144244,0.6541559337823152,0.5747314640936364,0.5176063905090255,0.5471753505152674,0.5964327691029337,0.5176063905090255
0.08,0.24,0.0,0.15,1.0,1.0,0.7089404717565546,0.6431472167512763,0.5668475411497425,0.5187617413033171,0.5443365733204156,0.5964067088562611,0.5187617413033171
0.13,0.13,0.15,0.0,1.6,1.0,0.7029623945786356,0.6489098441123651,0.5751987376885164,0.5127783915906076,0.5420533060225009,0.5963805347985252,0.5127783915906076
0.13,0.24,0.15,0.0,1.6,0.6,0.718210341876302,0.6482735294308496,0.5714817570928131,0.5113179207882856,0.5325240192899087,0.5963615136956318,0.5113179207882856
0.13,0.13,0.35,0.0,0.6,1.6,0.6748692268948596,0.6474274649740782,0.5712213953174626,0.5354170580095072,0.5524037312154374,0.596267775282269,0.5354170580095072
0.13,0.13,0.35,0.15,1.6,1.0,0.6969876596682357,0.6520925465429143,0.5725386456725656,0.5175181573512542,0.5419858880458228,0.5962245794561586,0.5175181573512542
0.13,0.13,0.0,0.35,1.0,0.6,0.705434847245,0.6515958458777613,0.5752523844477654,0.5057955699708312,0.5426819193983795,0.5961521133879476,0.5057955699708312
0.13,0.13,0.15,0.35,0.6,1.6,0.6843776510482018,0.6482216325685899,0.5754223719485975,0.5233840689619644,0.5493083083326888,0.5961428065720085,0.5233840689619644
0.08,0.24,0.35,0.35,1.6,1.6,0.7015881008934212,0.6438669010815974,0.5677400142004244,0.5234137333373022,0.5440639221974874,0.5961345343420466,0.5234137333373022
0.13,0.13,0.0,0.15,1.6,1.6,0.7054191309374153,0.6439122706617727,0.5739432485812319,0.516481947405048,0.5406696975895957,0.5960852590350127,0.516481947405048
0.13,0.13,0.15,0.35,1.6,1.6,0.7029623945786356,0.6489106969032125,0.5753728617391313,0.5112954016032522,0.5416367569046512,0.5960356223457766,0.5112954016032522
0.13,0.13,0.15,0.0,0.6,1.0,0.683231738137583,0.6481913165051596,0.5752580258104069,0.5238136712473999,0.5495733281054878,0.5960136159612074,0.5238136712473999
0.08,0.24,0.0,0.0,1.6,1.6,0.717329486938436,0.63868897770967,0.5645047008520047,0.5235914728761063,0.5359216689358131,0.596007261462406,0.5235914728761063
0.13,0.24,0.15,0.35,1.6,1.0,0.7182301847332765,0.6465252776825978,0.5723835732674186,0.510311569135836,0.5325488849700986,0.5959998979578455,0.510311569135836
0.13,0.24,0.0,0.15,1.6,1.0,0.7288809775323538,0.6454657814576678,0.5675841335908437,0.5103358604731502,0.5275443802048061,0.5959622266517643,0.5103358604731502
0.13,0.13,0.15,0.0,1.0,0.6,0.6961307403446347,0.6549044424787787,0.5726530057030648,0.5134112732587277,0.5422083248415005,0.5958615573253412,0.5134112732587277
0.13,0.13,0.35,0.0,1.0,1.0,0.6844110451753462,0.6477679934663252,0.5748378844030533,0.5233294074791776,0.5479688333383058,0.5956630327724416,0.5233294074791776
0.13,0.13,0.15,0.35,1.0,1.0,0.6961307403446347,0.6536573658006675,0.5728685406975499,0.5133268815097544,0.5421177347756373,0.5956202526256488,0.5133268815097544
0.13,0.13,0.15,0.15,1.0,0.6,0.6975756648947492,0.6534608992555166,0.57304672381544,0.511915980665709,0.5418345747450407,0.595566768675291,0.511915980665709
0.08,0.24,0.35,0.15,1.0,1.0,0.6954357018252566,0.644866489236608,0.5672704943325002,0.52281478552183,0.5471071067997194,0.5954989155431829,0.52281478552183
0.08,0.24,0.0,0.0,0.6,0.6,0.6985395763713231,0.6440412963630697,0.5711422465659198,0.5149647710586782,0.5484973334580312,0.5954370447634044,0.5149647710586782
0.13,0.13,0.15,0.15,1.6,1.0,0.7031666907921217,0.6490220795534914,0.5735551853011523,0.5094085970165722,0.5418899832341786,0.5954085071795033,0.5094085970165722
0.08,0.24,0.0,0.35,0.6,1.0,0.6986484810159185,0.6438907222994521,0.5709252967619249,0.5147584658713172,0.548675219573148,0.5953796371043522,0.5147584658713172
0.13,0.13,0.35,0.15,0.6,1.6,0.6766928354776579,0.6471789686750294,0.5718016957561425,0.5289877004877099,0.5520242240110889,0.5953370848815258,0.5289877004877099
0.13,0.13,0.0,0.0,0.6,0.6,0.6895906460809309,0.6500753337739863,0.5763606037415697,0.5149773113912303,0.5450439997745863,0.5952095789524607,0.5149773113912303
0.08,0.24,0.35,0.15,1.6,1.0,0.7019545732737309,0.6443659288065335,0.5645291968781415,0.5213305882255117,0.5436864744417828,0.5951733523251401,0.5213305882255117
0.13,0.13,0.35,0.35,1.0,1.6,0.6844110451753462,0.6477829249387255,0.5744111773414562,0.521743495434173,0.5472879885877239,0.5951273262954849,0.521743495434173
0.13,0.13,0.0,0.35,0.6,1.0,0.6895961178575073,0.65009229054443,0.5758829915790326,0.514409298351951,0.5452738475528873,0.5950509091771616,0.514409298351951
0.13,0.13,0.0,0.15,0.6,0.6,0.6904201384129809,0.6503838404168975,0.5749760072277793,0.5139354874109254,0.544849101521209,0.5949129149979584,0.5139354874109254
0.08,0.24,0.15,0.15,1.0,1.0,0.7007962774878664,0.6432519971379059,0.5659959191431683,0.5194364641921622,0.545043208714015,0.5949047733350236,0.5194364641921622
0.13,0.13,0.15,0.35,1.0,0.6,0.6973595386659075,0.651795045884648,0.5742485121363046,0.5075214612648749,0.5425356334932137,0.5946920382889896,0.5075214612648749
0.13,0.24,0.15,0.15,1.6,0.6,0.7181397483527423,0.6478824452625345,0.5715020297291978,0.5046075115498939,0.5308491437360441,0.5945961757260825,0.5046075115498939
0.08,0.24,0.35,0.0,0.6,1.0,0.6807656231986718,0.6445792794101713,0.5626519549347293,0.5315914838773377,0.5533298647908711,0.5945836412423563,0.5315914838773377
0.13,0.13,0.35,0.0,1.6,0.6,0.6958957239071026,0.6514076178601415,0.5724338663324028,0.5121829773068136,0.5409348399618373,0.5945710050736597,0.5121829773068136
0.13,0.13,0.35,0.35,1.6,1.0,0.6960110641608511,0.6514246018594264,0.5723632167581538,0.5123975727478722,0.540593060293095,0.5945579031638797,0.5123975727478722
0.13,0.13,0.0,0.0,1.6,1.0,0.7074360862444862,0.6430020384041232,0.5740167888558583,0.5095736290699086,0.5382988182635223,0.5944654721675797,0.5095736290699086
0.13,0.13,0.35,0.15,1.6,0.6,0.6976868249629096,0.6519571793652116,0.5712456109081553,0.5107861405385473,0.5405402668928495,0.5944432045335347,0.5107861405385473
0.13,0.13,0.15,0.0,1.6,0.6,0.7031453353844214,0.6462172008401417,0.5740395301898767,0.5084772970866042,0.5402562279070117,0.5944271182816112,0.5084772970866042
0.13,0.13,0.35,0.0,0.6,1.0,0.6765670229311108,0.6445952551445177,0.5750375601393299,0.5248333075355865,0.5510733845668694,0.5944213060634829,0.5248333075355865
0.13,0.13,0.15,0.15,0.6,1.0,0.6824859659497188,0.6479624170712814,0.5736845974203851,0.5190423228116763,0.5488744064128495,0.5944099419331822,0.5190423228116763
0.13,0.13,0.15,0.35,1.6,1.0,0.7031512409427328,0.6462413773995951,0.574507917932175,0.5071571876215184,0.5402307455815972,0.5942576938955237,0.5071571876215184
0.08,0.24,0.15,0.0,1.6,1.0,0.7120830724449144,0.6429804681704022,0.5622264196157822,0.516222954979093,0.5375368963832027,0.594209962318679,0.516222954979093
0.13,0.24,0.0,0.0,1.6,0.6,0.7288476120905001,0.6456080559195237,0.5669886260430806,0.5034454613233781,0.5260259779851287,0.5941831466723223,0.5034454613233781
0.13,0.13,0.0,0.35,1.6,1.6,0.7074360862444862,0.6430952242519633,0.5749108988188041,0.5084418939858331,0.5370188037536214,0.5941805814109417,0.5084418939858331
0.13,0.13,0.35,0.35,0.6,1.6,0.6765670229311108,0.6446243802056776,0.5753884490651768,0.5235003851715102,0.550718397831842,0.5941597270410635,0.5235003851715102
0.08,0.13,0.0,0.0,1.0,1.6,0.6958352339055484,0.6373104659417095,0.5718357843204238,0.5176971650752304,0.5474735584392861,0.5940304415364397,0.5176971650752304
0.13,0.13,0.35,0.15,1.0,1.0,0.6840093109742297,0.6479865403143511,0.5736632644679255,0.5173616592514734,0.5468742375332031,0.5939790025082365,0.5173616592514734
0.08,0.24,0.35,0.35,0.6,1.6,0.6813904730834839,0.644333424130947,0.5626485286350749,0.5287339596919179,0.5524582250273046,0.5939129221137456,0.5287339596919179
0.13,0.24,0.0,0.35,1.6,1.0,0.7288476120905001,0.6456166382634355,0.5671672226350587,0.5021507636544529,0.5257665773707221,0.5939097628028339,0.5021507636544529
0.08,0.24,0.0,0.15,1.6,1.6,0.7188961758203942,0.637288084676489,0.5633078391039209,0.5179680769406599,0.5320543044810765,0.5939028962045081,0.5179680769406599
0.13,0.24,0.15,0.35,1.6,0.6,0.7210704832229418,0.6492692664943084,0.5711250798393337,0.4991947998576241,0.528742324509439,0.5938803907847294,0.4991947998576241
0.08,0.24,0.15,0.0,0.6,0.6,0.6937637929765895,0.6434009390786884,0.5677410459112577,0.5162176910712003,0.5479519118164659,0.5938150761708403,0.5162176910712003
0.08,0.24,0.15,0.35,1.6,1.6,0.7119716642452709,0.6420220830774126,0.5630258120009338,0.5152381676549336,0.5366430735512429,0.5937801601059588,0.5152381676549336
0.08,0.24,0.0,0.15,0.6,0.6,0.6986972347886086,0.6430437031109043,0.5698320129320854,0.5106581455354722,0.5465517865674494,0.5937565765869041,0.5106581455354722
0.13,0.13,0.0,0.35,0.6,0.6,0.6903064897815088,0.6498781270739182,0.5729272376651486,0.5103192724360014,0.5450679917192134,0.5936998237351581,0.5103192724360014
0.08,0.24,0.15,0.35,0.6,1.0,0.6937637929765895,0.6434069098152905,0.5680325518380946,0.5155426848629415,0.5475822882341778,0.5936656455454188,0.5155426848629415
0.13,0.13,0.35,0.35,1.6,0.6,0.6972770632274308,0.6510299527615069,0.5724287685512849,0.5064400208262176,0.540643669442226,0.5935638949617332,0.5064400208262176
0.13,0.13,0.15,0.15,1.6,0.6,0.704076707933441,0.6459632832286094,0.5726184220891833,0.506010695824866,0.538998001086252,0.5935334220324704,0.506010695824866
0.13,0.13,0.0,0.15,1.6,1.0,0.7078923124934491,0.6424715792472513,0.5738482182167367,0.5063389405770752,0.5368732834174069,0.5934848667903838,0.5063389405770752
0.08,0.24,0.15,0.0,1.0,0.6,0.700819118970246,0.6436568090917482,0.5659552417981399,0.5127874282393862,0.5435820867628497,0.5933601369724739,0.5127874282393862
0.13,0.13,0.15,0.35,1.6,0.6,0.7049776612001232,0.645819696870533,0.5722675499947074,0.5043333337666085,0.5393034973829494,0.5933403478429844,0.5043333337666085
0.08,0.13,0.0,0.0,0.6,1.6,0.6875777203721127,0.6361831110628152,0.567182085307447,0.5225898888206677,0.5528270967986887,0.5932719804723463,0.5225898888206677
0.13,0.13,0.35,0.15,0.6,1.0,0.6765424253829443,0.6448121733791388,0.5756196504218068,0.5192782671763626,0.5499072462348331,0.5932319525190171,0.5192782671763626
0.08,0.24,0.0,0.0,1.0,0.6,0.7076395465563723,0.6408883622292775,0.5651847535703569,0.5120452362964143,0.5398206849546328,0.5931157167214107,0.5120452362964143
0.08,0.24,0.0,0.35,1.0,1.0,0.7076395465563723,0.6409404819382117,0.566183985353058,0.51120861593296,0.5395720260286931,0.593108931161859,0.51120861593296
0.08,0.13,0.15,0.0,1.0,1.6,0.6925391727160761,0.6356749408374808,0.5674476878706759,0.5212870242984955,0.5479966063714763,0.5929890864188408,0.5212870242984955
0.08,0.24,0.35,0.0,1.0,0.6,0.6953342156001744,0.6411449057252098,0.56699492356268,0.5153683178997674,0.5448694987621676,0.5927423723099998,0.5153683178997674
0.08,0.24,0.15,0.15,0.6,0.6,0.6946259798308373,0.6452995740058467,0.5667949014996642,0.5116386431687096,0.5452356561982926,0.5927189509406701,0.5116386431687096
0.08,0.24,0.15,0.35,1.0,1.0,0.700819118970246,0.6427193427404482,0.5652986209443225,0.5116076020698248,0.5430915506964716,0.5927072470842626,0.5116076020698248
0.08,0.13,0.0,0.15,1.0,1.6,0.6965070663620844,0.6370678777159109,0.571094893587181,0.5122848766452642,0.5465094024666037,0.5926928233554088,0.5122848766452642
0.08,0.24,0.35,0.35,1.0,1.0,0.6953342156001744,0.6414182216784517,0.5667357577925871,0.5150248581984196,0.5446885090701548,0.5926403124679576,0.5150248581984196
0.13,0.13,0.15,0.0,0.6,0.6,0.6801898573548799,0.6472355069798833,0.5740651874703557,0.514754148878911,0.5467330046122425,0.5925955410592545,0.514754148878911
0.13,0.13,0.35,0.0,1.0,0.6,0.6841758654754224,0.6463417905386056,0.5725157726966209,0.5143877440039483,0.5449787782559913,0.5924799901941177,0.5143877440039483
0.08,0.24,0.35,0.15,0.6,1.0,0.6785891293003163,0.6423617986496334,0.5644291855563484,0.5258576668830016,0.5511172773391455,0.592471011545689,0.5258576668830016
0.08,0.13,0.15,0.0,1.6,1.6,0.6972216337994026,0.6366607049943954,0.570210537600357,0.5131432730400055,0.5451098221144625,0.5924691943097246,0.5131432730400055
0.13,0.13,0.35,0.35,1.0,1.0,0.6841841394617088,0.6463322384549142,0.5722501198063966,0.5146165742592818,0.5449035097017045,0.5924573163368011,0.5146165742592818
0.13,0.13,0.15,0.35,0.6,1.0,0.6801898573548799,0.6467171483530374,0.573793024540699,0.5146283992465276,0.5468253584404296,0.5924307575871147,0.5146283992465276
0.08,0.24,0.15,0.35,0.6,0.6,0.6945396456100059,0.6450837832800101,0.567504221940657,0.5103752220840074,0.5443026338538602,0.5923611013537081,0.5103752220840074
0.13,0.06,0.0,0.0,1.6,1.6,0.698444619901932,0.6448969254849115,0.5708802774432974,0.5080203712373849,0.539537018423163,0.5923558424981378,0.5080203712373849
0.13,0.24,0.0,0.15,1.6,0.6,0.7288476120905001,0.64486181346398,0.5655287172135273,0.4992753350391242,0.5231908910388736,0.5923408737692011,0.4992753350391242
0.13,0.13,0.15,0.15,0.6,0.6,0.6825115741657608,0.6467570093614127,0.5729267616361989,0.5123341851339842,0.547086298174621,0.5923231656943955,0.5123341851339842
0.08,0.24,0.35,0.35,1.6,1.0,0.7012974648681486,0.6412516169559419,0.5648885502970321,0.5122686821767073,0.5417239359996547,0.592286050059497,0.5122686821767073
0.13,0.06,0.0,0.15,1.6,1.6,0.6983332117022885,0.644488658351196,0.5708066301981355,0.5094847359341101,0.5382664930436413,0.5922759458458742,0.5094847359341101
0.08,0.24,0.15,0.15,1.6,1.0,0.7119624468831124,0.6414489564523957,0.5612816515969897,0.5117973296572847,0.5348174188492143,0.5922615606877993,0.5117973296572847
0.08,0.24,0.35,0.0,1.6,0.6,0.7012974648681486,0.641297739745288,0.5638233732581495,0.5128003318588504,0.5417879220850671,0.5922013663631007,0.5128003318588504
0.13,0.13,0.0,0.0,1.6,0.6,0.7078923124934491,0.6428734108703011,0.5729453693386947,0.5014655943160876,0.5358150171109647,0.5921983408258994,0.5014655943160876
0.13,0.13,0.0,0.35,1.6,1.0,0.7078923124934491,0.6428824250379214,0.5729127723909327,0.5011235522760008,0.5359200439372519,0.5921462212271111,0.5011235522760008
0.08,0.13,0.35,0.0,1.6,1.6,0.6920475763070086,0.6346631196465662,0.5676317345199233,0.5202148405791044,0.5460977868120305,0.5921310115729266,0.5202148405791044
0.13,0.13,0.35,0.15,1.0,0.6,0.6853265236965687,0.646340838067315,0.57140527996593,0.5135623701188075,0.5437133718177847,0.5920696767332811,0.5135623701188075
0.13,0.13,0.15,0.35,0.6,0.6,0.6827317685800349,0.646775620516725,0.5732398216065734,0.5115246766091637,0.5460254810628532,0.59205947367507,0.5115246766091637
0.08,0.24,0.0,0.35,0.6,0.6,0.6984281228573251,0.6428661279447249,0.5690429187083066,0.5052397935804529,0.5444517619521183,0.5920057450085856,0.5052397935804529
0.13,0.13,0.0,0.15,1.6,0.6,0.7076543252374555,0.6435779968899401,0.5720038577454283,0.4995440957827666,0.5371870623380786,0.5919934675987337,0.4995440957827666
0.13,0.06,0.15,0.0,1.6,1.6,0.6884145821300821,0.6447159399760863,0.570840128545045,0.5136299039213436,0.542314236823627,0.5919829582792369,0.5136299039213436
0.13,0.13,0.35,0.35,0.6,1.0,0.6774905931471532,0.644501137180064,0.5731748108688969,0.5160618159884363,0.5485380107403033,0.5919532735849706,0.5160618159884363
0.08,0.24,0.35,0.35,0.6,1.0,0.6811373257541781,0.6415996323002662,0.5651660491764815,0.5226367190148266,0.5491588601631268,0.5919397172817759,0.5226367190148266
0.13,0.06,0.0,0.0,1.0,1.6,0.6820058372557134,0.6451439046719262,0.5734406246430932,0.514208523993406,0.5448298905700593,0.5919257562268397,0.514208523993406
0.08,0.13,0.0,0.15,0.6,1.6,0.6882153936962645,0.6347562447697565,0.5680983415504391,0.5173959086490889,0.5507645438569607,0.5918460865045019,0.5173959086490889
0.13,0.13,0.35,0.0,0.6,0.6,0.6774791683832773,0.6444926568544195,0.5723108637844998,0.5161514251711583,0.5486698530452992,0.5918207934477308,0.5161514251711583
0.08,0.24,0.15,0.15,1.0,0.6,0.7012406418917688,0.6421329898414777,0.5669683879515952,0.5067853769942934,0.541577266331504,0.5917409326021279,0.5067853769942934
0.08,0.13,0.15,0.15,1.0,1.6,0.693330822914418,0.6359553491342445,0.5671377637645963,0.515382907436041,0.5464098817630596,0.591643345002472,0.515382907436041
0.13,0.13,0.35,0.35,1.0,0.6,0.6850271266129692,0.6458886146617819,0.5726184150493634,0.5112355204311922,0.5428756322981936,0.5915290618107001,0.5112355204311922
0.13,0.06,0.0,0.0,1.6,1.0,0.6983268828287014,0.6447316200805405,0.57063270530386,0.5060753213606897,0.5376767607074784,0.591488658056254,0.5060753213606897
0.13,0.13,0.35,0.15,0.6,0.6,0.6774689771966155,0.6428514495973877,0.5735741836923761,0.51462806426546,0.5486503487222333,0.5914346046948145,0.51462806426546
0.08,0.24,0.35,0.15,1.0,0.6,0.695310392519708,0.6410485108843922,0.5666054220759678,0.5107444761307797,0.5428045611764944,0.5913026725574684,0.5107444761307797
0.13,0.06,0.0,0.35,1.6,1.6,0.6983268828287014,0.644010602227432,0.570839911716487,0.5053090749305202,0.5375801398055761,0.5912133223017433,0.5053090749305202
0.13,0.13,0.0,0.35,1.6,0.6,0.7079953312050599,0.6434128186277588,0.5713727392817914,0.4949986807921161,0.5382023634608872,0.5911963866735228,0.4949986807921161
0.08,0.13,0.0,0.0,1.6,1.6,0.7009312779396871,0.6332930430248089,0.5669950499557505,0.5120668979103336,0.542631285495457,0.5911835108652075,0.5120668979103336
0.08,0.24,0.35,0.0,0.6,0.6,0.6811373257541781,0.6415840600614701,0.5647518370246051,0.5189996360442134,0.5490220121800462,0.5910989742129026,0.5189996360442134
0.08,0.13,0.15,0.15,1.6,1.6,0.6967686693383061,0.636000497149455,0.5689571601093519,0.5106395450157291,0.5419957461054616,0.5908723235436607,0.5106395450157291
0.08,0.13,0.35,0.15,1.6,1.6,0.6936037406141937,0.6347197826133747,0.5668768934184593,0.5136631354076382,0.5451718390178412,0.5908070782143015,0.5136631354076382
0.13,0.06,0.15,0.15,1.6,1.6,0.6880932489867254,0.6443901367242274,0.5690630496985345,0.511603801399321,0.5408053444898122,0.5907911162597241,0.511603801399321
0.08,0.13,0.0,0.0,1.0,1.0,0.6962749988020779,0.6376205992981067,0.5685382994187661,0.508135512714654,0.5432756637864421,0.5907690148040093,0.508135512714654
0.13,0.24,0.0,0.35,1.6,0.6,0.730336682239414,0.6430876406597079,0.563843502937624,0.49554876683112753,0.5209594007459917,0.590755198682773,0.49554876683112753
0.08,0.24,0.0,0.0,1.6,1.0,0.7188191797614246,0.6381850478777327,0.5589305972117581,0.5099560072630178,0.527857651477683,0.5907496967183232,0.5099560072630178
0.08,0.24,0.35,0.15,1.6,0.6,0.7020457851752924,0.6406592798827199,0.5656860701599121,0.5054242746336298,0.5396640006938408,0.590695882109079,0.5054242746336298
0.08,0.24,0.0,0.15,1.0,0.6,0.7076121567495955,0.6398981986129162,0.5646277945193001,0.5046301519562024,0.5365691788383986,0.5906674961352826,0.5046301519562024
0.08,0.24,0.35,0.35,1.0,0.6,0.6961011889711994,0.6428600709570811,0.5667285493819237,0.505472982667423,0.5416698446001619,0.5905665273155579,0.505472982667423
0.13,0.06,0.0,0.15,1.6,1.0,0.6983126945882812,0.6435203626294539,0.5703870472040254,0.503465939201709,0.5369159994136623,0.5905204086074264,0.503465939201709
0.13,0.13,0.35,0.35,0.6,0.6,0.6787242919505203,0.6412604984483027,0.5735287371134479,0.5116359129912265,0.547290890288936,0.5904880661584867,0.5116359129912265
0.13,0.06,0.0,0.15,1.0,1.6,0.6806914290457213,0.643844325255924,0.5726972747522622,0.5113362328727291,0.543603064379648,0.590434465261257,0.5113362328727291
0.08,0.24,0.15,0.35,1.0,0.6,0.702042662862399,0.6424272215126029,0.5664223217860994,0.5023289443705292,0.5387405069570803,0.5903923314977421,0.5023289443705292
0.08,0.24,0.0,0.35,1.6,1.6,0.7188191797614246,0.6382056991537641,0.5593290200360437,0.5074620847820359,0.527611790494159,0.5902855548454855,0.5074620847820359
0.08,0.24,0.35,0.15,0.6,0.6,0.6811164043892707,0.6389399645557514,0.5658246446490824,0.5185600818475102,0.5469585254834604,0.5902799241850151,0.5185600818475102
0.13,0.06,0.15,0.0,1.0,1.6,0.6802883958575602,0.6402970966992951,0.5714943489222323,0.5148155215556939,0.5443030013086209,0.5902396728686805,0.5148155215556939
0.13,0.06,0.0,0.35,1.6,1.0,0.6978532423523496,0.6437231347348069,0.5712657517123826,0.5011961360327748,0.5369997681772063,0.590207606601904,0.5011961360327748
0.08,0.13,0.0,0.35,1.0,1.6,0.6962749988020779,0.6376274775957711,0.5677459855738292,0.5059416947174541,0.5429597930736572,0.5901099899525579,0.5059416947174541
0.13,0.06,0.0,0.0,0.6,1.6,0.6746144272823587,0.6410641966390963,0.5725874035368158,0.5150132051261164,0.5470982734846428,0.5900755012138059,0.5150132051261164
0.13,0.06,0.0,0.0,1.6,0.6,0.6960150070582319,0.6437231347348069,0.5712354704687811,0.5016176240725839,0.5369130266068453,0.5899008525882498,0.5016176240725839
0.08,0.13,0.15,0.0,1.0,1.0,0.6933361039808096,0.6345375230585116,0.5673542819091516,0.5103562589990029,0.5437455978037017,0.5898659531502355,0.5103562589990029
0.13,0.06,0.0,0.15,1.6,0.6,0.696811051971924,0.6437438884921279,0.5720398699193926,0.4995327666825271,0.5364210542608576,0.5897097262653659,0.4995327666825271
0.13,0.06,0.15,0.0,1.6,1.0,0.6875775715321857,0.643250852120874,0.5690007054033188,0.5085578967699206,0.5398992056758466,0.5896572463004291,0.5085578967699206
0.13,0.06,0.35,0.0,1.6,1.6,0.6798662876468012,0.6393343181815666,0.5713085219747357,0.5143023846700479,0.5433620171809529,0.5896347059308209,0.5143023846700479
0.08,0.13,0.0,0.0,0.6,1.0,0.6868280715296742,0.6360105267842867,0.5664817783141913,0.5105324346251466,0.5478550549917722,0.5895415732490142,0.5105324346251466
0.08,0.13,0.0,0.15,1.6,1.6,0.7016546518031489,0.6314073835230122,0.5652348408372035,0.5082972652336545,0.54104097554728,0.5895270233888599,0.5082972652336545
0.08,0.24,0.15,0.0,1.6,0.6,0.7119470835597334,0.6393433933678623,0.5610233230435804,0.5046961492525193,0.5301616090397713,0.5894343116526933,0.5046961492525193
0.08,0.13,0.0,0.15,1.0,1.0,0.6963762382552008,0.636729717644276,0.5672899757764983,0.5045291989133716,0.5421519571085468,0.5894154175395787,0.5045291989133716
0.08,0.24,0.15,0.35,1.6,1.0,0.7119470835597334,0.6394887192709433,0.5600284025325556,0.5046580570643203,0.5305141411397472,0.58932728071346,0.5046580570643203
0.08,0.24,0.0,0.15,1.6,1.0,0.7198251803901552,0.6373119959299456,0.5578532358806685,0.5046405900306509,0.5269801195297392,0.5893222243522318,0.5046405900306509
0.13,0.06,0.15,0.35,1.6,1.6,0.6875775715321857,0.6426496670293977,0.5698990777288491,0.5071270344556493,0.5393012316986998,0.5893109164889563,0.5071270344556493
0.08,0.13,0.15,0.35,1.0,1.6,0.6933361039808096,0.6345699040694551,0.5669060826712,0.5078344210119708,0.5437492886100582,0.5892791600686987,0.5078344210119708
0.13,0.06,0.0,0.15,0.6,1.6,0.6746089810152301,0.6406758353145462,0.5739990748233492,0.5108830445848331,0.5455305761541862,0.5891395023784289,0.5108830445848331
0.13,0.06,0.0,0.0,1.0,1.0,0.6806744375878373,0.6420602187967358,0.5716155719684305,0.5084007444590483,0.5426044325579823,0.5890710810740067,0.5084007444590483
0.13,0.06,0.0,0.35,1.0,1.6,0.6806744375878373,0.6420902212323799,0.5715655363389341,0.5080781554698333,0.5424096513728042,0.5889636004003578,0.5080781554698333
0.08,0.13,0.35,0.0,1.0,1.6,0.6777284778005715,0.6329431655434655,0.564163071899643,0.5209797263540004,0.5488573649256531,0.5889343613046668,0.5209797263540004
0.13,0.06,0.0,0.35,1.6,0.6,0.6967948011810966,0.6408813536882783,0.5707937647468082,0.4992680474578023,0.5367441113966495,0.588896415694127,0.4992680474578023
0.08,0.13,0.0,0.35,0.6,1.6,0.6868226757491745,0.6360105267842867,0.5662586125331781,0.5083593930916118,0.5468973891249912,0.5888697194566486,0.5083593930916118
0.08,0.13,0.15,0.0,0.6,1.6,0.675787034903585,0.6320500041799008,0.5637500622141234,0.5228252556769637,0.5494631914123175,0.5887751096773781,0.5228252556769637
0.13,0.06,0.15,0.15,1.6,1.0,0.6876719568861199,0.6413483300822562,0.5689781879444965,0.5067204985633037,0.5390584240978425,0.5887554795148037,0.5067204985633037
0.08,0.24,0.0,0.35,1.0,0.6,0.7074854192111433,0.6398786856856343,0.5627119656826581,0.49894233104681585,0.5341029914773135,0.588624278620713,0.49894233104681585
0.08,0.13,0.35,0.0,1.6,1.0,0.6940538821539409,0.6334098241197719,0.5650006705092385,0.5089939751828052,0.5416555255646477,0.5886227755060809,0.5089939751828052
0.08,0.13,0.15,0.0,1.6,1.0,0.6967541034192201,0.6348027099903104,0.5660995487801032,0.5041290041105813,0.5409802628876063,0.5885531258375641,0.5041290041105813
0.08,0.24,0.35,0.35,1.6,0.6,0.7025414556940958,0.6393285601361774,0.5642433214583981,0.4988703903789612,0.536988532926661,0.5883944521188587,0.4988703903789612
0.13,0.06,0.15,0.0,0.6,1.6,0.6717096160903362,0.6380336280772255,0.5714347882490111,0.5139895760362382,0.5467556680789937,0.588384655306361,0.5139895760362382
0.13,0.06,0.0,0.15,1.0,1.0,0.680570293366046,0.6412131999033727,0.5712874884444453,0.5069303322215529,0.5418078365937247,0.5883618301058282,0.5069303322215529
0.13,0.06,0.35,0.15,1.6,1.6,0.6792561203767497,0.6386471970837863,0.5708063482647971,0.5113343986794985,0.5416132767862977,0.5883314682382259,0.5113343986794985
0.08,0.24,0.35,0.35,0.6,0.6,0.6811386929499764,0.6391522089405409,0.5649449455374165,0.5127110813956622,0.5436868959430337,0.5883267649533259,0.5127110813956622
0.08,0.13,0.0,0.15,0.6,1.0,0.6874415901363691,0.6343261637342978,0.5661679089267869,0.5065707822488299,0.5463801089268356,0.588177310794624,0.5065707822488299
0.08,0.13,0.0,0.0,1.6,1.0,0.7022830679810603,0.6305133969950342,0.5655042180096397,0.5032493957963916,0.5391589906327057,0.5881418138829664,0.5032493957963916
0.13,0.06,0.15,0.15,1.0,1.6,0.6769393111163592,0.6396678582129135,0.5703124379607004,0.5102596127165863,0.54328218286187,0.5880922805736859,0.5102596127165863
0.08,0.13,0.35,0.35,1.6,1.6,0.6940538821539409,0.6334256642643674,0.5650831480750175,0.5066338642645305,0.5410526882963673,0.5880498494108448,0.5066338642645305
0.08,0.13,0.0,0.0,1.0,0.6,0.6968072491870106,0.6357148292232975,0.5668627263787104,0.4997493108175814,0.5408504409605446,0.5879969113134289,0.4997493108175814
0.08,0.13,0.15,0.35,1.6,1.6,0.6967541034192201,0.6348399040586329,0.5656693897523136,0.5016220802815183,0.5408964866571109,0.5879563928337592,0.5016220802815183
0.08,0.13,0.35,0.15,1.0,1.6,0.6770756933867501,0.632284134919862,0.5663870441220481,0.5156407463032597,0.5480073016038616,0.5878789840671563,0.5156407463032597
0.13,0.06,0.15,0.0,1.6,0.6,0.6869168994714437,0.6410030948454772,0.5693798298331115,0.5032045587495032,0.5387005210193024,0.5878409807837677,0.5032045587495032
0.13,0.06,0.35,0.0,1.0,1.6,0.672670244505524,0.6357016987595134,0.5713850960632457,0.5135930557524258,0.545759335761491,0.5878218861684399,0.5135930557524258
0.08,0.13,0.15,0.15,1.0,1.0,0.6934902436338872,0.6322014987097774,0.5657922988460259,0.5054782483267498,0.542140675455441,0.5878205929943763,0.5054782483267498
0.13,0.06,0.15,0.35,1.6,1.0,0.6869168994714437,0.6410030948454772,0.5691693482145211,0.5031311573368367,0.5386325877882365,0.5877706175313031,0.5031311573368367
0.08,0.13,0.0,0.35,1.0,1.0,0.6968072491870106,0.6351662398816047,0.5669016919518471,0.4992153047254962,0.5406694140867637,0.5877519799665445,0.4992153047254962
0.08,0.13,0.15,0.15,1.6,1.0,0.697049156356224,0.6347022326148557,0.5654410941279461,0.5009926069881828,0.5397900578606359,0.5875950295895689,0.5009926069881828
0.13,0.06,0.15,0.15,0.6,1.6,0.6725410228572114,0.6372708296206222,0.5732287340448012,0.5085146383820841,0.5463390034201279,0.5875788456649693,0.5085146383820841
0.08,0.13,0.0,0.35,1.6,1.6,0.7021716597814168,0.6305733087639346,0.565966750620514,0.500272215773944,0.5386781299864541,0.5875324129852527,0.500272215773944
0.13,0.06,0.0,0.0,0.6,1.0,0.673418257159228,0.6389285119502774,0.5730255323139214,0.5068854973847667,0.5450053849919994,0.5874526367600386,0.5068854973847667
0.08,0.13,0.15,0.15,0.6,1.6,0.676497667961783,0.6298133319603347,0.566292780959648,0.5161890408585506,0.5483766686000471,0.5874338980680727,0.5161890408585506
0.13,0.06,0.0,0.35,1.0,1.0,0.6794656700931417,0.6403407535443197,0.5715124731491416,0.5048811120438462,0.5409127933548362,0.5874225604370571,0.5048811120438462
0.08,0.13,0.35,0.15,1.6,1.0,0.6937665986935985,0.633326777757262,0.5640712542857195,0.5054893481769085,0.5404348127582022,0.5874177583343381,0.5054893481769085
0.13,0.06,0.0,0.15,1.0,0.6,0.6803994715807807,0.6397528350619421,0.5717588348550967,0.5038636658990812,0.5410164839510042,0.587358258269581,0.5038636658990812
0.13,0.06,0.35,0.0,0.6,1.6,0.6704003059206876,0.6337139472917468,0.5708998605860901,0.5136219855053781,0.5479115502500012,0.5873095299107808,0.5136219855053781
0.08,0.13,0.0,0.15,1.0,0.6,0.6968072491870106,0.6352225541984824,0.5668768870460841,0.4966761289126607,0.5408394815342724,0.5872844601757021,0.4966761289126607
0.08,0.13,0.0,0.35,0.6,1.0,0.6886849411365803,0.6331719711212462,0.5633254605656399,0.506534230405435,0.5445584471916706,0.5872550100841144,0.506534230405435
0.08,0.13,0.0,0.0,0.6,0.6,0.6874191155781666,0.6334223677933687,0.5635776644454676,0.5069208652080105,0.5449021576807148,0.5872484341411457,0.5069208652080105
0.13,0.06,0.0,0.0,1.0,0.6,0.6796034266670888,0.6403231505855402,0.5705815649455157,0.5050764468290745,0.5406333264414175,0.5872435830937274,0.5050764468290745
0.08,0.13,0.35,0.0,0.6,1.6,0.673618433992091,0.6294331169265742,0.5624287131192577,0.5204466136119428,0.550186512751298,0.5872226780802328,0.5204466136119428
0.13,0.06,0.15,0.15,1.6,0.6,0.686323920344309,0.6400960692325759,0.5688735465932098,0.5027321134187009,0.5380271385830331,0.5872105576343658,0.5027321134187009
0.13,0.06,0.0,0.35,0.6,1.6,0.673418257159228,0.6389662760272574,0.5722219792544333,0.5064340114455687,0.5449829746688037,0.5872046997110582,0.5064340114455687
0.13,0.06,0.15,0.35,1.0,1.6,0.6769473447754539,0.6391281254850752,0.5690720148673232,0.5079600670420842,0.5428199944944389,0.587185509332875,0.5079600670420842
0.13,0.06,0.0,0.35,0.6,1.0,0.6745047964572138,0.6398480125192932,0.5718152763217502,0.5048476428170919,0.5448812999649199,0.5871794056160538,0.5048476428170919
0.13,0.06,0.15,0.0,1.0,1.0,0.6769473447754539,0.6389494388957677,0.5694557213812461,0.5076059838380238,0.5428346884202305,0.5871586354621445,0.5076059838380238
0.13,0.06,0.0,0.15,0.6,1.0,0.6742059405193433,0.6395752859672645,0.5713161796088231,0.5059552768744728,0.5447250508311872,0.5871555467602182,0.5059552768744728
0.08,0.24,0.0,0.0,1.6,0.6,0.7205917492242752,0.6393462166406274,0.5553660947618295,0.49762285884049584,0.5226271643813011,0.5871108167697059,0.49762285884049584
0.13,0.06,0.35,0.15,1.0,1.6,0.6726539353874421,0.6353655191644346,0.5725177152075824,0.5095537149413107,0.5453649742622457,0.5870911717926032,0.5095537149413107
0.13,0.06,0.0,0.0,0.6,0.6,0.6745047964572138,0.6398480125192932,0.5716340635702195,0.5040388344128146,0.5451436912159163,0.5870338796350916,0.5040388344128146
0.13,0.06,0.0,0.35,1.0,0.6,0.6803847398493614,0.6394849236518609,0.5713245175317337,0.5021101831767837,0.541395516580915,0.586939976158131,0.5021101831767837
0.13,0.06,0.15,0.35,1.6,0.6,0.6863180999613278,0.6403182352534889,0.5688739315367922,0.5011211108363249,0.5379479897733722,0.5869158734722612,0.5011211108363249
0.08,0.13,0.15,0.35,1.0,1.0,0.6943045086169302,0.630986276456719,0.5639434230777858,0.5050337652942977,0.5402988865264279,0.586913371994432,0.5050337652942977
0.13,0.06,0.35,0.0,1.6,1.0,0.6767594147382975,0.6385977612251267,0.5688690057392345,0.5086169900839013,0.5416636530175176,0.5869013649608156,0.5086169900839013
0.13,0.06,0.15,0.15,1.0,1.0,0.6766757491838464,0.6390471888059863,0.5686732197370573,0.5068278730246223,0.5431696229154734,0.5868787307333971,0.5068278730246223
0.08,0.24,0.15,0.15,1.6,0.6,0.710303818655341,0.6384133217316607,0.5590811135656578,0.49821855233893464,0.5282017962429567,0.5868437205069101,0.49821855233893464
0.08,0.24,0.0,0.35,1.6,1.0,0.7205917492242752,0.6393549554985836,0.555706397979922,0.49557380047941746,0.522753741385863,0.5867961289136122,0.49557380047941746
0.08,0.13,0.15,0.35,0.6,1.6,0.6763545532911607,0.6296819603066818,0.5676661871334381,0.5135505684003951,0.5466967107240885,0.5867899959711528,0.5135505684003951
0.13,0.06,0.15,0.35,1.0,1.0,0.6774717940975384,0.6391915542820147,0.569847866368301,0.5051980772785849,0.5421299798027438,0.5867678543658366,0.5051980772785849
0.13,0.06,0.0,0.15,0.6,0.6,0.6744886838840359,0.6394860194661007,0.5716480944101205,0.5034852967584938,0.5447050839317334,0.586762635690097,0.5034852967584938
0.13,0.06,0.35,0.35,1.6,1.6,0.6767594147382975,0.6386168415664266,0.5689966947160959,0.5077773740748128,0.5414879313693456,0.5867276512929958,0.5077773740748128
0.13,0.06,0.15,0.0,0.6,1.0,0.6724381333036731,0.6364882855744202,0.5737652401592321,0.5056985758638025,0.5452286244258576,0.586723771865397,0.5056985758638025
0.13,0.06,0.15,0.0,1.0,0.6,0.6774717940975384,0.6377846278750884,0.57014271524928,0.5052740669987212,0.5424947267615421,0.586633586196434,0.5052740669987212
0.08,0.13,0.0,0.15,1.6,1.0,0.7021716597814168,0.6294516234481539,0.5657478384286792,0.49761856642924746,0.5376685158986504,0.5865316407972296,0.49761856642924746
0.13,0.06,0.35,0.0,0.6,1.0,0.6716789899205705,0.6344566125160144,0.5732376498713461,0.5073377635997959,0.5458174412229765,0.5865056914261406,0.5073377635997959
0.13,0.06,0.35,0.0,1.0,1.0,0.6724434546604062,0.635899685845589,0.5723584146598765,0.5068024949318232,0.5449046010642081,0.5864817302323806,0.5068024949318232
0.13,0.06,0.35,0.15,0.6,1.6,0.670290722706768,0.6338871677837881,0.5720681681964986,0.5087467534895591,0.547347886182196,0.5864681396717619,0.5087467534895591
0.13,0.06,0.35,0.15,0.6,1.0,0.6716660716266379,0.6350572586012408,0.5744243782694439,0.5058431104241138,0.5452242204215824,0.5864430078686038,0.5058431104241138
0.13,0.06,0.15,0.15,0.6,1.0,0.6732154430518973,0.6361114833773744,0.5735078654313089,0.5042050123769217,0.5450814943322168,0.5864242597139437,0.5042050123769217
0.13,0.06,0.0,0.35,0.6,0.6,0.6743586589215257,0.6395524785937372,0.5711084633422366,0.5022828532899386,0.544746989116146,0.5864098886527168,0.5022828532899386
0.13,0.06,0.35,0.35,0.6,1.6,0.6716789899205705,0.6338473584188088,0.5737344249501662,0.506983502108018,0.5456674018723456,0.5863823354539819,0.506983502108018
0.13,0.06,0.15,0.35,0.6,1.6,0.6724381333036731,0.6365263599740757,0.5735697318908528,0.5047107083991411,0.5446119997743286,0.5863713866684144,0.5047107083991411
0.08,0.13,0.35,0.15,0.6,1.6,0.6736157326126258,0.6288277831763978,0.565241094950228,0.5155123960038994,0.5485385681390226,0.5863471149764348,0.5155123960038994
0.08,0.13,0.15,0.15,1.0,0.6,0.6947369874311864,0.6314397987600802,0.5629796592114291,0.5026971467871342,0.5395760414173855,0.5862859267214431,0.5026971467871342
0.13,0.06,0.15,0.15,1.0,0.6,0.6777841577898135,0.6378346898817141,0.5699150500365615,0.5040155141934093,0.5416925905378043,0.5862484004878605,0.5040155141934093
0.08,0.13,0.15,0.0,1.0,0.6,0.6943045086169302,0.6314350296494562,0.5641588729454693,0.5010286223817825,0.5401698454216843,0.5862193758030645,0.5010286223817825
0.08,0.13,0.0,0.35,1.0,0.6,0.6968072491870106,0.635563867280191,0.5671030966151485,0.4919221412612818,0.5394874019475285,0.5861767512582321,0.4919221412612818
0.13,0.06,0.35,0.35,1.0,1.6,0.6724434546604062,0.6356837052304543,0.5721760457081215,0.5062436017644815,0.5442351514940125,0.5861563917714951,0.5062436017644815
0.08,0.13,0.15,0.0,0.6,1.0,0.6762143404311006,0.6296514662875219,0.5670724071602261,0.5108650168027867,0.5468390924996304,0.5861284646362531,0.5108650168027867
0.13,0.06,0.15,0.0,0.6,0.6,0.6734071662544607,0.6365665570185863,0.5727591240625711,0.5031244052319644,0.5442952745838345,0.5860305054302835,0.5031244052319644
0.13,0.06,0.35,0.15,1.0,1.0,0.6732394995740982,0.6361053808183145,0.5719424243791515,0.5044138881294805,0.5443628788036542,0.5860128143409398,0.5044138881294805
0.08,0.13,0.0,0.15,0.6,0.6,0.6874029143388595,0.6329038312685098,0.5622271410016263,0.5043945076823997,0.5430662232421964,0.5859989235067183,0.5043945076823997
0.08,0.13,0.15,0.0,1.6,0.6,0.6969253271665137,0.634399003355677,0.5643567877801333,0.4965771724068799,0.5376139738441493,0.5859744529106706,0.4965771724068799
0.13,0.06,0.15,0.35,0.6,1.0,0.6734071662544607,0.6365890966564131,0.572780522508051,0.502928799220664,0.5441314057433941,0.5859673980765966,0.502928799220664
0.13,0.06,0.35,0.15,1.6,1.0,0.6765533902995365,0.6385601280691139,0.5677662425080071,0.5061792952766875,0.5407364091049451,0.585959093051658,0.5061792952766875
0.08,0.13,0.15,0.35,1.6,1.0,0.6969253271665137,0.6346800567612534,0.5641837586919548,0.49635706595650836,0.537386309254662,0.5859065035661785,0.49635706595650836
0.08,0.13,0.15,0.15,0.6,1.0,0.6766099146623965,0.6299836484571855,0.5668345713252666,0.5110529018347019,0.5449306319161668,0.5858823336391434,0.5110529018347019
0.13,0.06,0.35,0.0,0.6,0.6,0.6716339457895725,0.634391597425714,0.5745895751754332,0.5044760959833043,0.5442734165915913,0.585872926193123,0.5044760959833043
0.08,0.13,0.35,0.0,1.6,0.6,0.6943126264060503,0.6323142036554773,0.5628775643066084,0.5004667872819472,0.538938458308447,0.585781927991706,0.5004667872819472
0.13,0.06,0.35,0.35,0.6,1.0,0.6717294599190765,0.634414527974659,0.5745341154377863,0.5039300694146479,0.5442746313331294,0.5857765608158598,0.5039300694146479
0.08,0.13,0.15,0.35,1.0,0.6,0.6946294208935996,0.6309601225512536,0.563830459702382,0.4999274263377636,0.5394527779594597,0.5857600414888917,0.4999274263377636
0.13,0.06,0.35,0.0,1.6,0.6,0.6769515428939235,0.6371065711503959,0.5696960880458313,0.5043849777459647,0.5405331053039558,0.5857344570280143,0.5043849777459647
0.08,0.13,0.35,0.0,1.0,1.0,0.6769274326626749,0.6294258854079156,0.5668897511903771,0.5099907955600712,0.5452959622450129,0.5857059654132104,0.5099907955600712
0.08,0.13,0.35,0.35,1.6,1.0,0.6944123156506121,0.632331648740187,0.5635469502734136,0.4996076519686594,0.5385318808294655,0.5856860894924676,0.4996076519686594
0.08,0.24,0.15,0.35,1.6,0.6,0.7114195816286247,0.6374941889526968,0.5600915151469356,0.4936648667368665,0.5253459338923445,0.5856032172714937,0.4936648667368665
0.08,0.13,0.35,0.15,1.6,0.6,0.6947559219364596,0.6318282536182233,0.5621867390133026,0.5017842825137422,0.5373848459072812,0.5855880085978018,0.5017842825137422
0.13,0.06,0.35,0.35,1.6,1.0,0.6769601074524954,0.6371317099176159,0.5693158584001641,0.5040778130599017,0.5404028023169865,0.5855776582294328,0.5040778130599017
0.13,0.06,0.15,0.35,1.0,0.6,0.6777841577898135,0.637472145707883,0.5693307306862373,0.5022063032200198,0.5409492372133219,0.585548514923455,0.5022063032200198
0.08,0.24,0.0,0.15,1.6,0.6,0.7215439308044039,0.6382047312498237,0.5548129877270327,0.49260733298390746,0.5202208945018291,0.5854779754533994,0.49260733298390746
0.13,0.06,0.15,0.15,0.6,0.6,0.6733550130249595,0.6364712532263047,0.5722472492480737,0.5013917019695655,0.5438742341511307,0.5854678903240068,0.5013917019695655
0.13,0.06,0.35,0.15,0.6,0.6,0.6717052494484025,0.6346673427021892,0.5736807672603812,0.5037384067200481,0.5433909770839217,0.5854365486429887,0.5037384067200481
0.13,0.06,0.35,0.0,1.0,0.6,0.6731160447837232,0.6358372657232344,0.5717167952345868,0.502724713776091,0.5435226259419342,0.585383489091914,0.502724713776091
0.13,0.06,0.35,0.35,1.0,1.0,0.6731160447837232,0.6358380905428943,0.5717723555243137,0.502532985640482,0.5434707012023472,0.5853460355387521,0.502532985640482
0.08,0.13,0.0,0.35,0.6,0.6,0.6863400026118217,0.6327129097483029,0.5630247257513327,0.5015080457492134,0.5431365147993682,0.5853444397320077,0.5015080457492134
0.13,0.06,0.15,0.35,0.6,0.6,0.6732839428047188,0.6367195128198374,0.5717523306459033,0.5000818765650489,0.5448645902471844,0.5853404506165385,0.5000818765650489
0.08,0.13,0.35,0.0,0.6,1.0,0.6691602205281433,0.6282506372236556,0.566008023559309,0.5154383182718221,0.5478034908643353,0.5853321380894531,0.5154383182718221
0.08,0.13,0.35,0.35,1.0,1.6,0.6769274326626749,0.6294413262354138,0.5668289035226164,0.5081361066462782,0.5452014679882498,0.5853070474110466,0.5081361066462782
0.08,0.13,0.15,0.15,1.6,0.6,0.6974933739041911,0.6343836335684598,0.563225493453331,0.49364442195349606,0.5375059518060118,0.585250574937098,0.49364442195349606
0.08,0.06,0.0,0.0,1.6,1.6,0.6936768704697187,0.6281509193439957,0.5650268815935774,0.49989568282214075,0.5394737796384796,0.5852448267735824,0.49989568282214075
0.08,0.13,0.35,0.15,1.0,1.0,0.6770572977288131,0.6283934828087788,0.5662462174961145,0.5105588608880319,0.5436917602490816,0.585189523834164,0.5105588608880319
0.13,0.06,0.35,0.15,1.6,0.6,0.6768433829625584,0.6371987559235266,0.5682850550288465,0.5035688102636002,0.5399177217916014,0.5851627451940267,0.5035688102636002
0.13,0.06,0.35,0.35,0.6,0.6,0.6717002109035343,0.6347018569954718,0.5734676545942446,0.5024400762718053,0.543179592942158,0.5850978783414428,0.5024400762718053
0.08,0.13,0.35,0.35,0.6,1.6,0.6691602205281433,0.6283096757336497,0.5672470605502987,0.5132086905021692,0.5466696206602669,0.5849190535949056,0.5132086905021692
0.13,0.06,0.35,0.15,1.0,0.6,0.6731160447837232,0.6358361369880513,0.571347874053875,0.5011748580344781,0.5427386976126625,0.5848427222945581,0.5011748580344781
0.08,0.13,0.35,0.35,1.6,0.6,0.6946211950118848,0.6315611743586229,0.5620307235823617,0.49813319258763056,0.5366330769377557,0.5845958724956511,0.49813319258763056
0.13,0.06,0.35,0.35,1.0,0.6,0.6730882067783122,0.6358950090583276,0.5708910051885034,0.5001815013611628,0.5424041125614482,0.5844919669895507,0.5001815013611628
0.08,0.13,0.0,0.0,1.6,0.6,0.7019082303946332,0.6285852534963989,0.5651805946191717,0.4924480600923543,0.5342238280230909,0.5844691933251298,0.4924480600923543
0.08,0.13,0.0,0.35,1.6,1.0,0.7020270609277903,0.6279043141806718,0.5650312826915049,0.49323747985359107,0.5341144331932619,0.584462914169364,0.49323747985359107
0.08,0.06,0.0,0.15,1.6,1.6,0.6942326301540214,0.6274455162601844,0.5642465822502257,0.4969344361779159,0.5391308151169358,0.5843979959918567,0.4969344361779159
0.08,0.06,0.15,0.0,1.6,1.6,0.686588439275933,0.6286712773659208,0.5645282340683444,0.5012852238491611,0.5404130996744563,0.5842972548467631,0.5012852238491611
0.08,0.24,0.0,0.35,1.6,0.6,0.7214201399085829,0.6372870671749002,0.5540269998498958,0.4900234920649533,0.5183061855601385,0.5842127769116943,0.4900234920649533
0.13,0.06,0.35,0.35,1.6,0.6,0.676837911185982,0.6346279983059553,0.5679416064166932,0.5016021558123284,0.5397012689995323,0.5841421881440982,0.5016021558123284
0.08,0.13,0.15,0.0,0.6,0.6,0.6762721060244417,0.6295244572336304,0.5649865763306808,0.5063869011861931,0.5433920851414622,0.5841124251832817,0.5063869011861931
0.08,0.06,0.0,0.0,1.0,1.6,0.6789845753666728,0.6285296518271645,0.5660030992786872,0.503592392014567,0.5434480173933485,0.5841115471760879,0.503592392014567
0.08,0.13,0.35,0.0,1.0,0.6,0.6791443252344275,0.6296747619222337,0.5647138575703424,0.5057004211283498,0.5412558304139691,0.5840978392538645,0.5057004211283498
0.08,0.13,0.15,0.35,0.6,1.0,0.6762773067192545,0.6295411161690722,0.5652632315373588,0.5062048631181704,0.5432017052968973,0.5840976445681505,0.5062048631181704
0.08,0.13,0.0,0.15,1.6,0.6,0.7015679970422295,0.6297796573169617,0.5640315331074912,0.4909006603528613,0.5327752883331146,0.5838110272305317,0.4909006603528613
0.08,0.13,0.35,0.15,0.6,1.0,0.6690469427359383,0.6273973180758365,0.5657262374571976,0.5108508776514026,0.5459931457694158,0.5838029043379582,0.5108508776514026
0.08,0.13,0.15,0.35,1.6,0.6,0.6974933739041911,0.6325240786768237,0.5647558700896766,0.48833589220721313,0.5353363183229614,0.5836891066401731,0.48833589220721313
0.08,0.13,0.35,0.35,1.0,1.0,0.6776823369303339,0.6296651476099839,0.5644156768564468,0.5052648463801671,0.5413287624020061,0.5836713540357875,0.5052648463801671
0.08,0.06,0.0,0.0,0.6,1.6,0.6746621448743048,0.6263093115213012,0.5654925395455527,0.5086267400811992,0.5428515298443232,0.5835884531733362,0.5086267400811992
0.08,0.13,0.15,0.15,0.6,0.6,0.6769595569272262,0.6295145849360498,0.5639301723214953,0.5047554441045836,0.5419048067098468,0.5834129129998403,0.5047554441045836
0.08,0.06,0.0,0.0,1.6,1.0,0.6955351921296623,0.6270058436649066,0.5624383514139665,0.4935655398025385,0.5381166141738234,0.5833323082369795,0.4935655398025385
0.08,0.13,0.35,0.15,1.0,0.6,0.678734431314496,0.629119954760776,0.5629649514550459,0.5039029562447752,0.540051163961343,0.5829546915472873,0.5039029562447752
0.08,0.06,0.0,0.35,1.6,1.6,0.6955351921296623,0.6270067208664786,0.5613425676086055,0.4925849403397318,0.5382940584219258,0.5829526958732808,0.4925849403397318
0.08,0.13,0.0,0.35,1.6,0.6,0.7032232156762777,0.6316687014568155,0.5623292235092942,0.486085592256483,0.5310249501998505,0.5828663366197443,0.486085592256483
0.08,0.06,0.0,0.15,1.6,1.0,0.6957926531925902,0.6280333980889347,0.5617420119206226,0.49132534988206744,0.5372193378337548,0.5828225501835939,0.49132534988206744
0.08,0.06,0.15,0.15,1.6,1.6,0.686453052346393,0.6274078399594727,0.5631221595525471,0.497834927349475,0.5391686888192392,0.5827973336054254,0.497834927349475
0.08,0.06,0.0,0.15,1.0,1.6,0.6789790520305777,0.6287839596913286,0.5640449180833956,0.4997067981826422,0.5414584900964058,0.58259464361687,0.4997067981826422
0.08,0.06,0.35,0.0,1.6,1.6,0.6781274404157234,0.626439081416286,0.5646374771327647,0.502183274315289,0.5411904183837253,0.5825155383327576,0.502183274315289
0.08,0.13,0.15,0.35,0.6,0.6,0.6772232647299263,0.6290153207179261,0.5629119950817814,0.5015534998707776,0.5412903690331926,0.5823988898867208,0.5015534998707776
0.08,0.13,0.35,0.0,0.6,0.6,0.6689655566963141,0.626439310993496,0.5658479074593274,0.5068934219745429,0.5437698776689729,0.5823832149585306,0.5068934219745429
0.08,0.06,0.15,0.0,1.0,1.6,0.6758649969768094,0.6265227381428508,0.565269615710166,0.5023529493946697,0.541670645079049,0.5823361890607089,0.5023529493946697
0.08,0.06,0.15,0.35,1.6,1.6,0.6869479867882866,0.6266087669391865,0.5609179612202925,0.49947943980589865,0.5372354800234216,0.5822379269554172,0.49947943980589865
0.08,0.06,0.0,0.15,0.6,1.6,0.6741726177981342,0.6264961472859164,0.5644034293752996,0.5036239447368333,0.5418010524066401,0.5820994383205648,0.5036239447368333
0.08,0.13,0.35,0.35,0.6,1.0,0.6689655566963141,0.6267014897414439,0.5654204692823709,0.5056188469729715,0.5435606228231268,0.5820533971032453,0.5056188469729715
0.08,0.13,0.35,0.35,1.0,0.6,0.6793539304904931,0.6280791542825741,0.5621153645109208,0.5008450284567602,0.5398330059537055,0.5820452967388908,0.5008450284567602
0.08,0.06,0.15,0.0,0.6,1.6,0.6680060908553599,0.6264771425458414,0.5647135028448299,0.5060820212683907,0.5444192221861659,0.5819395959401176,0.5060820212683907
0.08,0.06,0.0,0.0,1.0,1.0,0.6789158713772828,0.6278292582349867,0.5623431304849794,0.5003330638448916,0.5401251284499166,0.5819092904784114,0.5003330638448916
0.08,0.06,0.35,0.0,1.0,1.6,0.6679983231545692,0.6255938912632307,0.5651146633208574,0.5076030768933674,0.5430849612710884,0.5818789831806226,0.5076030768933674
0.08,0.06,0.15,0.15,1.6,1.0,0.6867061409805252,0.62654437380334,0.5606927385375482,0.49807796639430024,0.5369044116690843,0.5817851262769597,0.49807796639430024
0.08,0.06,0.15,0.15,1.0,1.6,0.6759518758195071,0.6247623360382554,0.5644865921399956,0.5029196247257296,0.5405418337323177,0.5817324524911611,0.5029196247257296
0.08,0.06,0.0,0.35,1.0,1.6,0.6789158713772828,0.6273797888077628,0.5620284003265588,0.5001583347249866,0.5401471797577878,0.5817259149988758,0.5001583347249866
0.08,0.06,0.0,0.35,1.6,0.6,0.6955395361888806,0.6258476934250568,0.5624771366404125,0.48914454893511616,0.5354214068471597,0.5816860644073252,0.48914454893511616
0.08,0.06,0.0,0.0,1.6,0.6,0.6956764727632986,0.6275280650291745,0.5616047224927992,0.4873934773213099,0.5361439763125003,0.5816693427838164,0.4873934773213099
0.08,0.06,0.0,0.15,1.0,1.0,0.6790447447377272,0.6274432229375044,0.5622837492127788,0.4994133125924121,0.5399385471876041,0.5816247153336054,0.4994133125924121
0.08,0.06,0.0,0.0,0.6,1.0,0.673993520380828,0.6267314885657395,0.5648601860587832,0.5012290165376347,0.5412841875536789,0.5816196798193329,0.5012290165376347
0.08,0.06,0.35,0.15,1.6,1.6,0.6782596611361794,0.6233709144031646,0.5633850334576608,0.502249856672225,0.5402185629230013,0.5814968057184463,0.502249856672225
0.08,0.06,0.15,0.0,1.6,1.0,0.6863240236630497,0.6265737188956975,0.5613841617554325,0.49550944547171366,0.5373912681534796,0.5814365235878747,0.49550944547171366
0.08,0.06,0.0,0.35,0.6,1.6,0.673993520380828,0.6267928173762147,0.5638938647001372,0.5011029134718545,0.5412503647407934,0.5814066961339657,0.5011029134718545
0.08,0.06,0.0,0.35,1.6,1.0,0.6956764727632986,0.6268805643816737,0.5617467771716744,0.48714447186943627,0.5355113163258352,0.5813919205023836,0.48714447186943627
0.08,0.13,0.35,0.15,0.6,0.6,0.669380879032396,0.6269185656444063,0.5651944264370081,0.5027678551234941,0.5412342387873915,0.5810991930049392,0.5027678551234941
0.08,0.06,0.0,0.15,1.6,0.6,0.6955455288059764,0.6269914920605477,0.561118643470136,0.48632252872601284,0.5354890235058813,0.5810934433137108,0.48632252872601284
0.08,0.06,0.0,0.0,1.0,0.6,0.681447122166651,0.6281746432914658,0.5615363438182839,0.4953383120079374,0.5389101273748894,0.5810813097318455,0.4953383120079374
0.08,0.06,0.0,0.35,1.0,1.0,0.681447122166651,0.6281703508931615,0.5616051534880678,0.4948055318000705,0.5390201612380984,0.5810096639172098,0.4948055318000705
0.08,0.06,0.0,0.15,0.6,1.0,0.6737580488567657,0.6262991008604079,0.5636974239596773,0.500106440958715,0.54032506075,0.5808372150771131,0.500106440958715
0.08,0.06,0.35,0.15,1.0,1.6,0.6681196721043146,0.6260050690185119,0.5650047326620564,0.5027426197280034,0.542041674155111,0.5807827535335994,0.5027426197280034
0.08,0.06,0.35,0.0,1.6,1.0,0.6782088983227677,0.6244046870274916,0.5623982850043893,0.4998160892363661,0.5388912153931602,0.580743834996835,0.4998160892363661
0.08,0.06,0.0,0.15,1.0,0.6,0.6813443095060062,0.6288370582843774,0.5603970692222989,0.4939669310237201,0.5388224691668236,0.5806735674406454,0.4939669310237201
0.08,0.06,0.0,0.35,1.0,0.6,0.6820250502667382,0.6288192376658452,0.5615832866407628,0.4928197021329197,0.5379442706431862,0.5806383094698904,0.4928197021329197
0.08,0.06,0.35,0.35,1.6,1.6,0.6782088983227677,0.6244271460064701,0.561691377272215,0.4999000887165056,0.5387158951755532,0.5805886810987022,0.4999000887165056
0.08,0.06,0.15,0.0,1.0,1.0,0.6759017561532975,0.6245976678806914,0.5627577291296099,0.4998072945449302,0.5398184868754927,0.5805765869168044,0.4998072945449302
0.08,0.06,0.15,0.15,0.6,1.6,0.6680008423931594,0.6246444528250332,0.5652925655835558,0.5021648382214137,0.5426791818803176,0.5805563761806959,0.5021648382214137
0.08,0.06,0.15,0.35,1.0,1.6,0.6759017561532975,0.6246359670042653,0.5624865459619723,0.49976534785442717,0.5392770845210543,0.5804133402990034,0.49976534785442717
0.08,0.06,0.15,0.0,1.6,0.6,0.686666726480548,0.6258170083252824,0.5600381655938759,0.4928874910302141,0.5359840683935098,0.580278691964686,0.4928874910302141
0.08,0.06,0.15,0.35,1.6,1.0,0.686666726480548,0.6258170083252824,0.559857980191309,0.49298293061698334,0.5359125504880086,0.5802474392204263,0.49298293061698334
0.08,0.13,0.35,0.35,0.6,0.6,0.6692879572399271,0.6270199343845617,0.5639271283443753,0.5002425680000862,0.5397224821909308,0.5800400140319762,0.5002425680000862
0.08,0.06,0.15,0.15,1.6,0.6,0.6871099953146166,0.6257886007956884,0.5600310576470096,0.4913716897554162,0.535412566110179,0.5799427819245819,0.4913716897554162
0.08,0.06,0.15,0.15,1.0,1.0,0.6757792115320167,0.6246586599309413,0.5615708569915902,0.49888982087850314,0.5387087309546074,0.5799214560575316,0.49888982087850314
0.08,0.06,0.35,0.0,0.6,1.6,0.6645765360252317,0.6205322851897928,0.5638423361880968,0.506073794178876,0.544413000222028,0.5798875903608052,0.506073794178876
0.08,0.06,0.15,0.0,0.6,1.0,0.6679670625988783,0.6249438525315902,0.5644943118662918,0.49961945493106713,0.5421321667474918,0.5798313697350639,0.49961945493106713
0.08,0.06,0.35,0.15,1.6,1.0,0.6780444850721459,0.6240061724117981,0.5610166579587199,0.49792151996706413,0.5379100703887104,0.5797797811596876,0.49792151996706413
0.08,0.06,0.35,0.0,1.0,1.0,0.6680638592104083,0.624976120126729,0.5644439342773497,0.4993042217110328,0.5416252234609038,0.5796826717572847,0.4993042217110328
0.08,0.06,0.15,0.35,0.6,1.6,0.6679670625988783,0.6249748655978847,0.5641655025254094,0.49894505638429437,0.5417403066469348,0.5795585587506803,0.49894505638429437
0.08,0.06,0.35,0.35,1.0,1.6,0.6680638592104083,0.6249916923655252,0.5637970641238179,0.49884777614820347,0.5412294505142904,0.579385968472449,0.49884777614820347
0.08,0.06,0.15,0.35,1.6,0.6,0.6870960080640411,0.6251055759981906,0.5593249997979028,0.4899423499063622,0.5348609436767329,0.579265975488646,0.4899423499063622
0.08,0.06,0.15,0.15,0.6,1.0,0.6678609284257678,0.6247909101069815,0.5638310018773399,0.49779570440302523,0.5418685871885248,0.5792294264003279,0.49779570440302523
0.08,0.06,0.0,0.0,0.6,0.6,0.6712937967429791,0.6266064691719528,0.5621399476718911,0.49665500826353143,0.5391709982340102,0.5791732440168729,0.49665500826353143
0.08,0.06,0.0,0.35,0.6,1.0,0.6712990452051797,0.626156695361032,0.5617955209208694,0.49609244076935327,0.5386947539320376,0.5788076912376944,0.49609244076935327
0.08,0.06,0.35,0.15,1.0,1.0,0.6672772857873589,0.6243894415790261,0.5632084735631631,0.49831115109857815,0.5407375197599292,0.5787847743576111,0.49831115109857815
0.08,0.06,0.35,0.15,0.6,1.6,0.6636741948825825,0.6198327966539777,0.5643934367394297,0.5020371002690467,0.5433789630867324,0.5786632983263538,0.5020371002690467
0.08,0.06,0.15,0.0,1.0,0.6,0.6754727315479852,0.6254545559302459,0.5602492585058128,0.4947493064114095,0.5372174803023197,0.5786286665395546,0.4947493064114095
0.08,0.06,0.15,0.15,1.0,0.6,0.6754592546327033,0.6255279780378606,0.5602710027665674,0.4939912320418297,0.5377317458939649,0.5785962426745852,0.4939912320418297
0.08,0.06,0.15,0.35,1.0,1.0,0.6754727315479852,0.6254709530512567,0.560442981394996,0.49410355757380847,0.5372507146076039,0.57854818763513,0.49410355757380847
0.08,0.06,0.35,0.0,1.6,0.6,0.6780120428455757,0.6238733294794094,0.5604024634188244,0.4933513472655358,0.5367167474675417,0.5784711860953775,0.4933513472655358
0.08,0.06,0.35,0.35,1.6,1.0,0.6780120428455757,0.6238733294794094,0.5604469741490691,0.49285521222259376,0.5367846596407151,0.5783944436674726,0.49285521222259376
0.08,0.06,0.35,0.15,1.6,0.6,0.6780067459548506,0.6239059247916181,0.5594626435602086,0.4934608869165782,0.5363351481748557,0.5782342698796222,0.4934608869165782
0.08,0.06,0.35,0.0,0.6,1.0,0.6637697282016437,0.6224721239836175,0.5637188110868032,0.4993807836529988,0.541690696536323,0.5782064286922772,0.4993807836529988
0.08,0.06,0.35,0.35,0.6,1.6,0.6637697282016437,0.6225023633520922,0.5634575693569671,0.4991399629265181,0.5421090902291327,0.5781957428132707,0.4991399629265181
0.08,0.06,0.0,0.15,0.6,0.6,0.6705488755119965,0.6262280876543636,0.5613811378316074,0.49411424289807293,0.5384915742257104,0.5781527836243502,0.49411424289807293
0.08,0.06,0.15,0.35,1.0,0.6,0.6754353405327547,0.6251621379776501,0.5598024154881108,0.4926330733588287,0.5369111840881596,0.5779888302891009,0.4926330733588287
0.08,0.06,0.0,0.35,0.6,0.6,0.6706686687411845,0.6246232182955554,0.5619751880643721,0.4931003876073773,0.538394936766213,0.5777524798949404,0.4931003876073773
0.08,0.06,0.35,0.35,1.6,0.6,0.6779686459536457,0.6234314538040603,0.5589397952011782,0.49222793227647443,0.5360053829554388,0.5777146420381595,0.49222793227647443
0.08,0.06,0.15,0.0,0.6,0.6,0.6671977076259805,0.6238288941379494,0.5631822212898597,0.49433707180634157,0.5399939651611011,0.5777079720042464,0.49433707180634157
0.08,0.06,0.15,0.35,0.6,1.0,0.6671977076259805,0.6238297144297871,0.5635064751159617,0.49378998099388205,0.5400031622912986,0.577665408091382,0.49378998099388205
0.08,0.06,0.35,0.15,0.6,1.0,0.6629624705541562,0.6226822876619624,0.5629559869382637,0.49798852551463446,0.541345475178768,0.577586949169557,0.49798852551463446
0.08,0.06,0.35,0.0,1.0,0.6,0.6666220541089048,0.6244237472349976,0.5628627499061185,0.4945190754437359,0.5390529564377882,0.577496116626309,0.4945190754437359
0.08,0.06,0.35,0.35,1.0,1.0,0.6672695806995932,0.6244398622589497,0.5621419145867883,0.4933887618172195,0.5390855285838062,0.5772651295892713,0.4933887618172195
0.08,0.06,0.15,0.15,0.6,0.6,0.6660466411387796,0.6236257030420425,0.5623076982650461,0.49268796525076364,0.5391725098371145,0.5767681035067492,0.49268796525076364
0.08,0.06,0.35,0.0,0.6,0.6,0.6629469418734647,0.6226671820408864,0.5623618656720191,0.4948584349943737,0.5409447133878491,0.5767558275937186,0.4948584349943737
0.08,0.06,0.35,0.35,0.6,1.0,0.6629469418734647,0.6223793953606946,0.5619712956935868,0.4945457548339662,0.5407547619161357,0.5765196299355695,0.4945457548339662
0.08,0.06,0.35,0.15,1.0,0.6,0.6665792048013497,0.6240135014714407,0.560864442033363,0.4924960950550864,0.5385592042877244,0.5765024895297929,0.4924960950550864
0.08,0.06,0.15,0.35,0.6,0.6,0.6660466411387796,0.623332307173349,0.5612633921706687,0.49179346787278316,0.5388390510351863,0.5762549718781533,0.49179346787278316
0.08,0.06,0.35,0.15,0.6,0.6,0.6629343113704724,0.6223365276928957,0.5619251237825843,0.4921809846537731,0.5402089875425815,0.5759171870084614,0.4921809846537731
0.08,0.06,0.35,0.35,1.0,0.6,0.6665579952205936,0.6230790176414347,0.5609704653671679,0.49079793578347236,0.5378776060214906,0.5758566040068318,0.49079793578347236
0.08,0.06,0.35,0.35,0.6,0.6,0.6629293400055345,0.6220657180623815,0.561586356978546,0.48917682467448376,0.5388568041404548,0.5749230087722801,0.48917682467448376
